Item Title,Publication Title,Book Series Title,Journal Volume,Journal Issue,Item DOI,Authors,Publication Year,URL,Content Type
"Adaptive Governance for Attractive Smart City","Renewable Energy for Smart and Sustainable Cities","","","","10.1007/978-3-030-04789-4_10","Slimane Zalene","2019","http://link.springer.com/chapter/10.1007/978-3-030-04789-4_10","Chapter"
"A Design of Cyber-Physical System Architecture for Smart City","Recent Trends in Intelligent Computing, Communication and Devices","","","","10.1007/978-981-13-9406-5_116","Xinghua XiaChangxiao LiuHongcheng WangZhonghua Han","2020","http://link.springer.com/chapter/10.1007/978-981-13-9406-5_116","Chapter"
"CityAction a Smart-City Platform Architecture","Advances in Information and Communication","","","","10.1007/978-3-030-12388-8_16","Pedro MartinsDaniel AlbuquerqueCristina WanzellerFilipe CaldeiraPaulo ToméFilipe Sá","2020","http://link.springer.com/chapter/10.1007/978-3-030-12388-8_16","Chapter"
"Smart City 5.0 as an Urban Ecosystem of Smart Services","Service Oriented, Holonic and Multi-agent Manufacturing Systems for Industry of the Future","","","","10.1007/978-3-030-27477-1_33","Miroslav SvítekPetr SkobelevSergei Kozhevnikov","2020","http://link.springer.com/chapter/10.1007/978-3-030-27477-1_33","Chapter"
"Internet of Thing and Smart City: State of the Art and Future Trends","Advances in Computer Communication and Computational Sciences","","","","10.1007/978-981-13-0344-9_1","Ako A. JaafarKarzan H. SharifMazen I. GharebDayang N. A. Jawawi","2019","http://link.springer.com/chapter/10.1007/978-981-13-0344-9_1","Chapter"
"Aggregating Heterogeneous Services in the Smart City: The Practice in China","Smart Computing and Communication","","","","10.1007/978-3-319-52015-5_46","Fangping LiBo Li","2017","http://link.springer.com/chapter/10.1007/978-3-319-52015-5_46","Chapter"
"Assessment of Business Benefits for the Operation of a Smart City Energy Management Platform","Business Information Systems Workshops","","","","10.1007/978-3-319-52464-1_24","Stefan ReichertJens Strüker","2017","http://link.springer.com/chapter/10.1007/978-3-319-52464-1_24","Chapter"
"Smart City and Business Model with a Focus on Platform and Circular Economy","Proceedings of the Sixth International Conference on Green and Human Information Technology","","","","10.1007/978-981-13-0311-1_33","Junghee HanHuy-Doo Jin","2019","http://link.springer.com/chapter/10.1007/978-981-13-0311-1_33","Chapter"
"Research of Data Resource Management Platform in Smart City","Geo-Informatics in Resource Management and Sustainable Ecosystem","","","","10.1007/978-3-662-45737-5_2","Jing ShaoLi-na YangLing PengXiao-jing YaoXue-Liang Zhao","2015","http://link.springer.com/chapter/10.1007/978-3-662-45737-5_2","Chapter"
"Defining the Middle Ground: A Comprehensive Approach to the Planning, Design and Implementation of Smart City Operating Systems","Cross-Cultural Design Methods, Practice and Impact","","","","10.1007/978-3-319-20907-4_29","Christopher Grant Kirwan","2015","http://link.springer.com/chapter/10.1007/978-3-319-20907-4_29","Chapter"
"Internet of Things-Based Framework for Public Transportation Fleet Management in Non-smart City","Emerging Technologies for Developing Countries","","","","10.1007/978-3-030-05198-3_1","Muthoni MasindeAhmed ShomanMohamed Hassan Mostafa","2019","http://link.springer.com/chapter/10.1007/978-3-030-05198-3_1","Chapter"
"ROTA: A Smart City Platform to Improve Public Safety","New Advances in Information Systems and Technologies","","","","10.1007/978-3-319-31232-3_74","Jazon CoelhoNélio CachoFrederico LopesEmiliano LoiolaTyago TayronyThiago AndradeMarcel MendonçaMaychell OliveiraDaniela EstaregueBrunna Moura","2016","http://link.springer.com/chapter/10.1007/978-3-319-31232-3_74","Chapter"
"A Smart City’s Model Secured by Blockchain","Trends and Applications in Software Engineering","","","","10.1007/978-3-030-01171-0_23","António BrandãoHenrique São MamedeRamiro Gonçalves","2019","http://link.springer.com/chapter/10.1007/978-3-030-01171-0_23","Chapter"
"Storing and Indexing IoT Context for Smart City Applications","Internet of Things, Smart Spaces, and Next Generation Networks and Systems","","","","10.1007/978-3-319-46301-8_10","Alexey MedvedevArkady ZaslavskyMaria Indrawan-SantiagoPari Delir HaghighiAlireza Hassani","2016","http://link.springer.com/chapter/10.1007/978-3-319-46301-8_10","Chapter"
"Knowledge Representation Framework for Agent–Based Economic Systems in Smart City Context","Intelligent Information and Database Systems","","","","10.1007/978-3-319-54430-4_49","Martina HusákováPetr Tučník","2017","http://link.springer.com/chapter/10.1007/978-3-319-54430-4_49","Chapter"
"Mensageria: A Smart City Framework for Real-Time Analysis of Traffic Data Streams","Big Social Data and Urban Computing","","","","10.1007/978-3-030-11238-7_4","Marcos Roriz JuniorRafael Pereira de OliveiraFelipe CarvalhoSergio LifschitzMarkus Endler","2019","http://link.springer.com/chapter/10.1007/978-3-030-11238-7_4","Chapter"
"Operationalising the Concept of the Smart City as a Local Innovation Platform: The City of Things Lab in Antwerp, Belgium","Smart Cities","","","","10.1007/978-3-319-39595-1_13","Nils Walravens","2016","http://link.springer.com/chapter/10.1007/978-3-319-39595-1_13","Chapter"
"Big Data Analytics Towards a Framework for a Smart City","Information and Communication Technology for Intelligent Systems (ICTIS 2017) - Volume 1","","","","10.1007/978-3-319-63673-3_27","Devesh Kumar SrivastavaAyush Singh","2018","http://link.springer.com/chapter/10.1007/978-3-319-63673-3_27","Chapter"
"Cyber-Physical Systems in Smart City: Challenges and Future Trends for Strategic Research","Proceedings of the International Conference on Advanced Intelligent Systems and Informatics 2019","","","","10.1007/978-3-030-31129-2_78","Mazen JumaKhaled Shaalan","2020","http://link.springer.com/chapter/10.1007/978-3-030-31129-2_78","Chapter"
"Smart Agents and Fog Computing for Smart City Applications","Smart Cities","","","","10.1007/978-3-319-39595-1_14","Andrea GiordanoGiandomenico SpezzanoAndrea Vinci","2016","http://link.springer.com/chapter/10.1007/978-3-319-39595-1_14","Chapter"
"An Integrated Smart City Platform","Semantic Keyword-Based Search on Structured Data Sources","","","","10.1007/978-3-319-74497-1_17","Paolo NesiLaura PoJosé R. R. ViqueiraRaquel Trillo-Lado","2018","http://link.springer.com/chapter/10.1007/978-3-319-74497-1_17","Chapter"
"The Function of GIS in the Smart City Construction","Smart Computing and Communication","","","","10.1007/978-3-319-52015-5_38","Xu ChenKuan He","2017","http://link.springer.com/chapter/10.1007/978-3-319-52015-5_38","Chapter"
"Smart City Security Based on the Biological Self-defense Mechanism","International Conference on Applications and Techniques in Cyber Security and Intelligence","","","","10.1007/978-3-319-67071-3_57","Leina ZhengTiejun PanSouzhen ZengMing Guo","2018","http://link.springer.com/chapter/10.1007/978-3-319-67071-3_57","Chapter"
"A Public-Private Partnerships Model Based on OneM2M and OSGi Enabling Smart City Solutions and Innovative Ageing Services","Cloud Infrastructures, Services, and IoT Systems for Smart Cities","","","","10.1007/978-3-319-67636-4_6","Paolo LilloLuca MainettiLuigi Patrono","2018","http://link.springer.com/chapter/10.1007/978-3-319-67636-4_6","Chapter"
"The ESPRESSO - Project – A European Approach for Smart City Standards","Computational Science and Its Applications -- ICCSA 2016","","","","10.1007/978-3-319-42111-7_38","Jan-Philipp Exner","2016","http://link.springer.com/chapter/10.1007/978-3-319-42111-7_38","Chapter"
"Integration of Smart City and Lifecycle Concepts for Enhanced Large-Scale Event Management","Product Lifecycle Management in the Era of Internet of Things","","","","10.1007/978-3-319-33111-9_62","Ahmed HefnawyAbdelaziz BourasChantal Cherifi","2016","http://link.springer.com/chapter/10.1007/978-3-319-33111-9_62","Chapter"
"Advanced Human Centric 5G-IoT in a Smart City: Requirements and Challenges","Human Centered Computing","","","","10.1007/978-3-030-37429-7_28","Dragorad MilovanovicVladan PantovicNatasa BojkovicZoran Bojkovic","2019","http://link.springer.com/chapter/10.1007/978-3-030-37429-7_28","Chapter"
"Cities as Enterprises: A Comparison of Smart City Frameworks Based on Enterprise Architecture Requirements","Smart Cities","","","","10.1007/978-3-319-59513-9_3","Viviana BastidasMarija BezbradicaMarkus Helfert","2017","http://link.springer.com/chapter/10.1007/978-3-319-59513-9_3","Chapter"
"Smart City Traffic Monitoring System Based on 5G Cellular Network, RFID and Machine Learning","Engineering Software Systems: Research and Praxis","","","","10.1007/978-3-319-99617-2_10","Bartosz PawłowiczMateusz SalachBartosz Trybus","2019","http://link.springer.com/chapter/10.1007/978-3-319-99617-2_10","Chapter"
"Adaptation of Smart City Technologies in Saint Petersburg: A Survey","Digital Transformation and Global Society","","","","10.1007/978-3-030-37858-5_16","Lyudmila VidiasovaIaroslava TensinaEvgenii Vidiasov","2019","http://link.springer.com/chapter/10.1007/978-3-030-37858-5_16","Chapter"
"Security Issues in IoT and their Countermeasures in Smart City Applications","Advanced Computing and Intelligent Engineering","","","","10.1007/978-981-15-1483-8_26","Debabrata SinghBibudhendu PatiChhabi Rani PanigrahiShrabanee Swagatika","2020","http://link.springer.com/chapter/10.1007/978-981-15-1483-8_26","Chapter"
"Intelligent Management of Outdoor Cultural Events Promoting Exploitation in Smart City Environments","Innovative Approaches to Tourism and Leisure","","","","10.1007/978-3-319-67603-6_24","Zois KoukopoulosDimitrios Koukopoulos","2018","http://link.springer.com/chapter/10.1007/978-3-319-67603-6_24","Chapter"
"Smart City App","New Horizons in Design Science: Broadening the Research Agenda","","","","10.1007/978-3-319-18714-3_30","Joana MonteiroMatthew AustinGaurav MandilwarRaj Sharman","2015","http://link.springer.com/chapter/10.1007/978-3-319-18714-3_30","Chapter"
"Climate Adaptation of “Smart City” by Assessing Bioclimatic Comfort for UBEM","Sustainability in Energy and Buildings","","","","10.1007/978-981-32-9868-2_44","Ilya V. DunichkinIrina N. Ilina","2020","http://link.springer.com/chapter/10.1007/978-981-32-9868-2_44","Chapter"
"Internet of Things (IoT) for Monitoring Air Pollutants with an Unmanned Aerial Vehicle (UAV) in a Smart City","Smart Technology","","","","10.1007/978-3-319-73323-4_11","José-Isidro Hernández-VegaElda Reyes VarelaNatividad Hernández RomeroCarlos Hernández-SantosJonam Leonel Sánchez CuevasDolores Gabriela Palomares Gorham","2018","http://link.springer.com/chapter/10.1007/978-3-319-73323-4_11","Chapter"
"Conceptual Model of Complex Multi-agent System Smart City 4.0","Industrial Applications of Holonic and Multi-Agent Systems","","","","10.1007/978-3-319-64635-0_16","Michal PostráneckýMiroslav Svítek","2017","http://link.springer.com/chapter/10.1007/978-3-319-64635-0_16","Chapter"
"Smart Microgrids: Re-visioning Smart Grid and Smart City Development in India","ISGW 2017: Compendium of Technical Papers","","","","10.1007/978-981-10-8249-8_24","Larisa DobrianskyGirish GhatikarDan Ton","2018","http://link.springer.com/chapter/10.1007/978-981-10-8249-8_24","Chapter"
"Towards Smart City Implementations in Sub-Saharan Africa","Smart City 360°","","","","10.1007/978-3-319-33681-7_7","Jonathan OuobaTegawendé F. BissyandéCédric Béré","2016","http://link.springer.com/chapter/10.1007/978-3-319-33681-7_7","Chapter"
"Benefits of a Coordinated Fog-to-Cloud Resources Management Strategy on a Smart City Scenario","Euro-Par 2017: Parallel Processing Workshops","","","","10.1007/978-3-319-75178-8_23","Andrea BartolíFrancisco HernándezLaura ValJose GorchsXavi Masip-BruinEva Marín-TorderaJordi GarciaAna JuanAdmela Jukan","2018","http://link.springer.com/chapter/10.1007/978-3-319-75178-8_23","Chapter"
"Cross-Conforming Approaches of ICT Functionality Design for Smart City","Advanced Multimedia and Ubiquitous Engineering","","","","10.1007/978-981-10-5041-1_48","Jae-Young AhnEunjun RheeHyun-Woo LeeDae Joon Hwang","2017","http://link.springer.com/chapter/10.1007/978-981-10-5041-1_48","Chapter"
"EDGE4ALL: Edge Computing for Smart City","Mobility Internet of Things 2018","","","","10.1007/978-3-030-30911-4_24","Ricardo MartinsHenrique SantosSérgio LopesAníbal LeiteÁlvaro MatosPaulo Cunha","2020","http://link.springer.com/chapter/10.1007/978-3-030-30911-4_24","Chapter"
"Modelling Process Intensive Scenarios for the Smart City","Electronic Government","","","","10.1007/978-3-662-44426-9_12","Riccardo CogniniFlavio CorradiniAndrea PoliniBarbara Re","2014","http://link.springer.com/chapter/10.1007/978-3-662-44426-9_12","Chapter"
"Smart City Total Transport-Managing System","Industrial Networks and Intelligent Systems","","","","10.1007/978-3-030-05873-9_7","Nguyen Dinh DungJozsef Rohacs","2019","http://link.springer.com/chapter/10.1007/978-3-030-05873-9_7","Chapter"
"The Role of RDF Stream Processing in an Smart City ICT Infrastructure - The Aspern Smart City Use Case","The Semantic Web: ESWC 2015 Satellite Events","","","","10.1007/978-3-319-25639-9_47","Josiane Xavier ParreiraDeepak DhunganaGerhard Engelbrecht","2015","http://link.springer.com/chapter/10.1007/978-3-319-25639-9_47","Chapter"
"Occurrences Management in a Smart-City Context","Distributed Computing and Artificial Intelligence, Special Sessions, 15th International Conference","","","","10.1007/978-3-319-99608-0_13","Mário FerreiraJoão RamosPaulo Novais","2019","http://link.springer.com/chapter/10.1007/978-3-319-99608-0_13","Chapter"
"Context-Aware Network for Smart City Services: A Layered Approach","Smart Trends in Information Technology and Computer Communications","","","","10.1007/978-981-13-1423-0_13","Prathviraj NagarajSantosh L. Deshpande","2018","http://link.springer.com/chapter/10.1007/978-981-13-1423-0_13","Chapter"
"Comparative Analysis of the Indicator System for Guiding Smart City Development","Proceedings of the 20th International Symposium on Advancement of Construction Management and Real Estate","","","","10.1007/978-981-10-0855-9_51","Shiju LiaoXi ChenYan QianLiyin Shen","2017","http://link.springer.com/chapter/10.1007/978-981-10-0855-9_51","Chapter"
"Government Enterprise Architecture for Big and Open Linked Data Analytics in a Smart City Ecosystem","Smart Education and e-Learning 2017","","","","10.1007/978-3-319-59451-4_47","Martin LnenickaRenata MachovaJitka KomarkovaMiroslav Pasler","2018","http://link.springer.com/chapter/10.1007/978-3-319-59451-4_47","Chapter"
"Smart Block EAN: Ten Scalable Initiatives for a Smart City","Computational Science and Its Applications – ICCSA 2018","","","","10.1007/978-3-319-95174-4_7","Alix E. RojasCamilo Mejía-MoncayoLeonardo Rodríguez-Urrego","2018","http://link.springer.com/chapter/10.1007/978-3-319-95174-4_7","Chapter"
"The Flagship University’s Model in Terms of Digitalization: The Case of Industrial University of Tyumen as a Center of Strategic Decisions in the Field of Smart-City, IoT/IIoT and Big Data","The 21st Century from the Positions of Modern Science: Intellectual, Digital and Innovative Aspects","","","","10.1007/978-3-030-32015-7_43","Viktoria A. LezerLiubov N. ShabaturaIgor A. Karnaukhov","2020","http://link.springer.com/chapter/10.1007/978-3-030-32015-7_43","Chapter"
"Summary of Research on PPP Model Smart City Construction Under the Big Data Background","Proceedings of the Fifth International Forum on Decision Sciences","","","","10.1007/978-981-10-7817-0_1","Jie Fu","2018","http://link.springer.com/chapter/10.1007/978-981-10-7817-0_1","Chapter"
"Social Smart City: Introducing Digital and Social Strategies for Participatory Governance in Smart Cities","Electronic Government","","","","10.1007/978-3-319-44421-5_19","Robin EffingBert P. Groot","2016","http://link.springer.com/chapter/10.1007/978-3-319-44421-5_19","Chapter"
"Small Scale Collaborative Services: The Role of Design in the Development of the Human Smart City Paradigm","Distributed, Ambient, and Pervasive Interactions","","","","10.1007/978-3-319-07788-8_54","Francesca RizzoAlessandro Deserti","2014","http://link.springer.com/chapter/10.1007/978-3-319-07788-8_54","Chapter"
"Proposal for Information and Communications Technologies that Are Essential to Smart City Dimensions","EAI International Conference on Technology, Innovation, Entrepreneurship and Education","","","","10.1007/978-3-030-02242-6_17","Hemalata VasudavanSumathi Balakrishnan","2019","http://link.springer.com/chapter/10.1007/978-3-030-02242-6_17","Chapter"
"An IoT Group-Based Protocol for Smart City Interconnection","Smart Cities","","","","10.1007/978-3-030-12804-3_13","Jaime LloretSandra SendraPedro Luis GonzálezLorena Parra","2019","http://link.springer.com/chapter/10.1007/978-3-030-12804-3_13","Chapter"
"Fast and Secure Handoffs for V2I Communication in Smart City Wi-Fi Deployment","Distributed Computing and Internet Technology","","","","10.1007/978-3-319-72344-0_15","Pranav Kumar SinghSubhredu ChattopadhyayPradeepkumar BhaleSukumar Nandi","2018","http://link.springer.com/chapter/10.1007/978-3-319-72344-0_15","Chapter"
"From Information City to Smart City: Russian Experience of State Entrepreneurship","Smart Technologies and Innovations in Design for Control of Technological Processes and Objects: Economy and Production","","","","10.1007/978-3-030-15577-3_41","E. I. Ruzina","2020","http://link.springer.com/chapter/10.1007/978-3-030-15577-3_41","Chapter"
"A Big-Data-Analytics System for Supporting Decision Making Processes in Complex Smart-City Applications","Computational Science and Its Applications – ICCSA 2019","","","","10.1007/978-3-030-24289-3_58","Alfredo CuzzocreaMassimiliano NolichWalter Ukovich","2019","http://link.springer.com/chapter/10.1007/978-3-030-24289-3_58","Chapter"
"Resilience in Housing Regeneration for a Smart City Model","Advances in Human Factors, Sustainable Urban Planning and Infrastructure","","","","10.1007/978-3-319-94199-8_22","Donatella RadognaManuela Romano","2019","http://link.springer.com/chapter/10.1007/978-3-319-94199-8_22","Chapter"
"Towards a Capabilities Approach to Smart City Management","Electronic Government","","","","10.1007/978-3-319-64677-0_3","Anushri GuptaPanos PanagiotopoulosFrances Bowen","2017","http://link.springer.com/chapter/10.1007/978-3-319-64677-0_3","Chapter"
"Use of Gamification Techniques to Encourage Garbage Recycling. A Smart City Approach","Knowledge Management in Organizations","","","","10.1007/978-3-319-95204-8_56","Alfonso González BrionesPablo ChamosoAlberto RivasSara RodríguezFernando De La PrietaJavier PrietoJuan M. Corchado","2018","http://link.springer.com/chapter/10.1007/978-3-319-95204-8_56","Chapter"
"An IoT-VANET-Based Traffic Management System for Emergency Vehicles in a Smart City","Recent Findings in Intelligent Computing Techniques","","","","10.1007/978-981-10-8636-6_3","Lucy SumiVirender Ranga","2018","http://link.springer.com/chapter/10.1007/978-981-10-8636-6_3","Chapter"
"How Traditional Banks Should Work in Smart City","Digital Transformation and Global Society","","","","10.1007/978-3-319-49700-6_13","Marina MakarchenkoSofiia NerkararianIrina A. Shmeleva","2016","http://link.springer.com/chapter/10.1007/978-3-319-49700-6_13","Chapter"
"ELM Meets Urban Computing: Ensemble Urban Data for Smart City Application","Proceedings of ELM-2015 Volume 1","","","","10.1007/978-3-319-28397-5_5","Ningyu ZhangHuajun ChenXi ChenJiaoyan Chen","2016","http://link.springer.com/chapter/10.1007/978-3-319-28397-5_5","Chapter"
"The Planning of Smart City to Mitigate the Impacts of Natural Disaster in North Sumatera","Information Technology in Disaster Risk Reduction","","","","10.1007/978-3-319-68486-4_12","Dedy HartamaHerman MawengkangMuhammad ZarlisRahmat Widia SembiringBenny Benyamin NasutionM. SyahruddinPrayudi NastiaAbidin Lutfhi SembiringSaifullahEka IrawanSumarno","2017","http://link.springer.com/chapter/10.1007/978-3-319-68486-4_12","Chapter"
"Blockchain Technology in Smart City: A New Opportunity for Smart Environment and Smart Mobility","Intelligent Computing & Optimization","","","","10.1007/978-3-030-00979-3_36","F. OrecchiniA. SantiangeliF. ZuccariAlessandra PieroniTiziano Suppa","2019","http://link.springer.com/chapter/10.1007/978-3-030-00979-3_36","Chapter"
"Some Artificial Intelligence Driven Algorithms For Mobile Edge Computing in Smart City","Computer Information Systems and Industrial Management","","","","10.1007/978-3-030-28957-7_10","Jerzy BalickiPiotr DryjaMarcin Zakidalski","2019","http://link.springer.com/chapter/10.1007/978-3-030-28957-7_10","Chapter"
"Use of ICT for Development of Smart City-Ahmedabad","Proceedings of International Conference on Communication and Networks","","","","10.1007/978-981-10-2750-5_8","Aditya PatelMansi Joshi","2017","http://link.springer.com/chapter/10.1007/978-981-10-2750-5_8","Chapter"
"A Storytelling Smart-City Approach to Further Cross-Regional Tourism","Interactivity, Game Creation, Design, Learning, and Innovation","","","","10.1007/978-3-030-06134-0_31","Nicolas FischöderIdo A. IurgelTonguç I. SezenKoen van Turnhout","2019","http://link.springer.com/chapter/10.1007/978-3-030-06134-0_31","Chapter"
"The Role of Internet of Things and Smart Grid for the Development of a Smart City","Intelligent Communication and Computational Technologies","","","","10.1007/978-981-10-5523-2_3","Sudeep TanwarSudhanshu TyagiSachin Kumar","2018","http://link.springer.com/chapter/10.1007/978-981-10-5523-2_3","Chapter"
"A Novel Taxi Dispatch System for Smart City","Distributed, Ambient, and Pervasive Interactions","","","","10.1007/978-3-642-39351-8_36","Qingnan ZouGuangtao XueYuan LuoJiadi YuHongzi Zhu","2013","http://link.springer.com/chapter/10.1007/978-3-642-39351-8_36","Chapter"
"Placemaking Across Platforms: Playing to Circulate Stories in the Smart City","Intelligent Technologies for Interactive Entertainment","","","","10.1007/978-3-319-73062-2_13","Benjamin StokesKarl BaumannFrançois Bar","2018","http://link.springer.com/chapter/10.1007/978-3-319-73062-2_13","Chapter"
"Direct Democracy as the Keystone of a Smart City Governance as a Complex System","Complex Systems Design & Management","","","","10.1007/978-3-319-49103-5_24","Claude Rochet","2017","http://link.springer.com/chapter/10.1007/978-3-319-49103-5_24","Chapter"
"An Improved Robust Low Cost Approach for Real Time Vehicle Positioning in a Smart City","Industrial Networks and Intelligent Systems","","","","10.1007/978-3-319-52569-3_7","Ikram BelhajemYann Ben MaissaAhmed Tamtaoui","2017","http://link.springer.com/chapter/10.1007/978-3-319-52569-3_7","Chapter"
"Indoor and Outdoor Air Quality Monitoring on the Base of Intelligent Sensors for Smart City","Recent Developments in Data Science and Intelligent Analysis of Information","","","","10.1007/978-3-319-97885-7_14","Andrii ShelestovLeonid SumiloMykola LavreniukVladimir VasilievTatyana BulanayaIgor GomilkoAndrii KolotiiKyrylo MedianovskyiSergii Skakun","2019","http://link.springer.com/chapter/10.1007/978-3-319-97885-7_14","Chapter"
"Factors Influencing Trust in Smart City Services","Electronic Government","","","","10.1007/978-3-030-27325-5_27","Dmitrii TrutnevLyudmila Vidiasova","2019","http://link.springer.com/chapter/10.1007/978-3-030-27325-5_27","Chapter"
"Traffic Surveillance for Smart City in Internet of Things Environment","Intelligent Systems and Applications","","","","10.1007/978-3-030-01057-7_16","Meghavi ChoksiMukesh A. ZaveriSrusty Anand","2019","http://link.springer.com/chapter/10.1007/978-3-030-01057-7_16","Chapter"
"Smart City and Technology Transfer: Towards Sustainable Infrastructure in Bahrain","Research & Innovation Forum 2019","","","","10.1007/978-3-030-30809-4_24","Rustom MamlookOdeh Al-JayyousiSamar AlabyookiSuha Abdullah Ali Attallah","2019","http://link.springer.com/chapter/10.1007/978-3-030-30809-4_24","Chapter"
"Context-Driven Heterogeneous Interface Selection for Smart City Applications","Internet of Things, Smart Spaces, and Next Generation Networks and Systems","","","","10.1007/978-3-030-01168-0_3","Inna SosunovaArkady ZaslavskyAlexey MatvienkoOleg SadovPetr FedchenkovTheodoros Anagnostopoulos","2018","http://link.springer.com/chapter/10.1007/978-3-030-01168-0_3","Chapter"
"Smart City and ICT. Shaping Urban Space for Better Quality of Life","Information and Communication Technologies in Organizations and Society","","","","10.1007/978-3-319-28907-6_6","Renata Paola Dameri","2016","http://link.springer.com/chapter/10.1007/978-3-319-28907-6_6","Chapter"
"Smart City Governance Strategies to Better Move Towards a Smart Urbanism","Computational Science and Its Applications – ICCSA 2018","","","","10.1007/978-3-319-95168-3_43","Margherita AzzariChiara GarauPaolo NesiMichela PaolucciPaola Zamperlin","2018","http://link.springer.com/chapter/10.1007/978-3-319-95168-3_43","Chapter"
"The ‘Governance’ for Smart City Strategies and Territorial Planning","Intelligent Computing & Optimization","","","","10.1007/978-3-030-00979-3_8","Cinzia BellonePietro RanucciVasiliki Geropanta","2019","http://link.springer.com/chapter/10.1007/978-3-030-00979-3_8","Chapter"
"A Reference Architecture Supporting Smart City Applications","Business Information Systems","","","","10.1007/978-3-030-20485-3_36","Stanimir StoyanovTodorka GlushkovaAsya Stoyanova-DoychevaVanya Ivanova","2019","http://link.springer.com/chapter/10.1007/978-3-030-20485-3_36","Chapter"
"Smart City Community Engagement Through Learning","Project and Design Literacy as Cornerstones of Smart Education","","","","10.1007/978-981-13-9652-6_16","Ilpo LaitinenRoberta Piazza","2020","http://link.springer.com/chapter/10.1007/978-981-13-9652-6_16","Chapter"
"Importance of Internet of Things and Big Data in Building Smart City and What Would Be Its Challenges","Smart City 360°","","","","10.1007/978-3-319-33681-7_52","Manan BawaDagmar CaganovaIvan SzilvaDaniela Spirkova","2016","http://link.springer.com/chapter/10.1007/978-3-319-33681-7_52","Chapter"
"Internet of Things Applications @ Urban Spaces (Tel Aviv Smart City: A Case Study)","Information and Communication Technology for Sustainable Development","","","","10.1007/978-981-10-3932-4_1","Somayya MadakamSiddharth TripathiRajesh Kumar Arora","2018","http://link.springer.com/chapter/10.1007/978-981-10-3932-4_1","Chapter"
"Smart City and Images: The Use of Image Hashtags to Get Insights on Citizens","Smart Objects and Technologies for Social Good","","","","10.1007/978-3-319-76111-4_31","Roberta De MicheleMarco Furini","2018","http://link.springer.com/chapter/10.1007/978-3-319-76111-4_31","Chapter"
"Efficient Execution of Smart City’s Assets Through a Massive Parallel Computational Model","Smart Societies, Infrastructure, Technologies and Applications","","","","10.1007/978-3-319-94180-6_6","Muhammad Usman AshrafFathy Alboraei EassaAiiad Ahmad Albeshri","2018","http://link.springer.com/chapter/10.1007/978-3-319-94180-6_6","Chapter"
"Simulation Results of a Model to Provide Consistent Functionality and Performance in a Healthy Smart City","Ambient Intelligence for Health","","","","10.1007/978-3-319-26508-7_26","Gabriel UrzaizEric Murillo-RodríguezJaime Zaldívar-RaeRamón HervasJesús FontechaJosé Bravo","2015","http://link.springer.com/chapter/10.1007/978-3-319-26508-7_26","Chapter"
"A Unified Definition of a Smart City","Electronic Government","","","","10.1007/978-3-319-64677-0_2","Arkalgud RamaprasadAurora Sánchez-OrtizThant Syn","2017","http://link.springer.com/chapter/10.1007/978-3-319-64677-0_2","Chapter"
"Energy Efficient Manycast Routing, Modulation Level and Spectrum Assignment in Elastic Optical Networks for Smart City Applications","Algorithms and Architectures for Parallel Processing","","","","10.1007/978-3-319-65482-9_48","Xiao LuoXue ChenLei Wang","2017","http://link.springer.com/chapter/10.1007/978-3-319-65482-9_48","Chapter"
"Toward an Intelligent Traffic Management Based on Big Data for Smart City","Innovations in Smart Cities and Applications","","","","10.1007/978-3-319-74500-8_47","Yassine KarouaniZiyati Elhoussaine","2018","http://link.springer.com/chapter/10.1007/978-3-319-74500-8_47","Chapter"
"A Smart Planning for Smart City: The Concept of Smart City as an Opportunity to Re-think the Planning Models of the Contemporary City","Computational Science and Its Applications -- ICCSA 2015","","","","10.1007/978-3-319-21407-8_40","Ilaria GrecoAngela Cresta","2015","http://link.springer.com/chapter/10.1007/978-3-319-21407-8_40","Chapter"
"Amaravati - A City Reborn, Journey Towards a World-Class Smart City","Towards Sustainable Cities in Asia and the Middle East","","","","10.1007/978-3-319-61645-2_2","Madhusmita Ghadei","2018","http://link.springer.com/chapter/10.1007/978-3-319-61645-2_2","Chapter"
"Using a Hybrid Approach to Optimize Consumption Energy of Building and Increase Occupants’ Comfort Level in Smart City","Artificial Intelligence in Renewable Energetic Systems","","","","10.1007/978-3-319-73192-6_8","Brahim LejdelOkba Kazar","2018","http://link.springer.com/chapter/10.1007/978-3-319-73192-6_8","Chapter"
"Smart City: A Rule-based Tourist Recommendation System","Information and Communication Technologies in Tourism 2011","","","","10.1007/978-3-7091-0503-0_5","Ago LubergTanel TammetPriit Järv","2011","http://link.springer.com/chapter/10.1007/978-3-7091-0503-0_5","Chapter"
"Smart City Artifacts Web Portal","The Semantic Web","","","","10.1007/978-3-319-47602-5_34","Noorani BakerallyOlivier BoissierAntoine Zimmermann","2016","http://link.springer.com/chapter/10.1007/978-3-319-47602-5_34","Chapter"
"Traffic Jams Detection and Congestion Avoidance in Smart City Using Parallel K-Means Clustering Algorithm","Proceedings of International Conference on Cognition and Recognition","","","","10.1007/978-981-10-5146-3_3","DoreswamyOsama A. Ghoneim","2018","http://link.springer.com/chapter/10.1007/978-981-10-5146-3_3","Chapter"
"Smart City Participation: Dream or Reality? A Comparison of Participatory Strategies from Hamburg, Berlin & Enschede","Digital Nations – Smart Cities, Innovation, and Sustainability","","","","10.1007/978-3-319-68557-1_12","Ton A. M. SpilRobin EffingJaron Kwast","2017","http://link.springer.com/chapter/10.1007/978-3-319-68557-1_12","Chapter"
"Small Effort to Build Pune as a Smart City: Smart Real-Time Road Condition Detection and Efficient Management System","Smart Computing and Informatics","","","","10.1007/978-981-10-5547-8_63","Suresh LimkarOmkar RajmaneAishwarya BhosaleVidya Rane","2018","http://link.springer.com/chapter/10.1007/978-981-10-5547-8_63","Chapter"
"An Intelligent Highway Traffic Management System for Smart City","Intelligent Computing","","","","10.1007/978-3-030-22871-2_1","Prasanta MandalPunyasha ChatterjeeArpita Debnath","2019","http://link.springer.com/chapter/10.1007/978-3-030-22871-2_1","Chapter"
"A Contactless, Energy-Neutral Power Meter for Smart City Applications","Applications in Electronics Pervading Industry, Environment and Society","","","","10.1007/978-3-319-55071-8_23","Clemente VillaniSimone BenattiDavide BrunelliLuca Benini","2018","http://link.springer.com/chapter/10.1007/978-3-319-55071-8_23","Chapter"
"Policy Recommendations Supporting Smart City Strategies: Towards a New Methodological Tool","Smart Cities","","","","10.1007/978-3-319-59513-9_10","Nils WalravensPieter Ballon","2017","http://link.springer.com/chapter/10.1007/978-3-319-59513-9_10","Chapter"
"Data Visualization in Mobile Applications: Investigating a Smart City App","Human-Computer Interaction. Interaction Platforms and Techniques","","","","10.1007/978-3-319-39516-6_27","Andrei GarciaCristina CamachoMarina BellenzierMarina PasqualiTiago WeberMilene S. Silveira","2016","http://link.springer.com/chapter/10.1007/978-3-319-39516-6_27","Chapter"
"Bratislava Towards Achieving the Concept of Smart City: Inspirations from Smart City Vienna","Smart City 360°","","","","10.1007/978-3-319-33681-7_72","Andrej AdamuscinJulius GolejMiroslav Panik","2016","http://link.springer.com/chapter/10.1007/978-3-319-33681-7_72","Chapter"
"Meaningful Interactions in a Smart City","Distributed, Ambient, and Pervasive Interactions","","","","10.1007/978-3-319-07788-8_57","Peter van WaartIngrid Mulder","2014","http://link.springer.com/chapter/10.1007/978-3-319-07788-8_57","Chapter"
"A Holistic, Interdisciplinary Decision Support System for Sustainable Smart City Design","Smart Cities","","","","10.1007/978-3-319-39595-1_1","Johannes M. SchleicherMichael VöglerChristian InzingerSara FritzManuel ZieglerThomas KaufmannDominik BotheJulia ForsterSchahram Dustdar","2016","http://link.springer.com/chapter/10.1007/978-3-319-39595-1_1","Chapter"
"People with Disabilities’ Needs in Urban Spaces as Challenges Towards a More Inclusive Smart City","Information Technology and Systems","","","","10.1007/978-3-030-40690-5_28","João Soares de Oliveira NetoSergio Takeo KofujiYolaine Bourda","2020","http://link.springer.com/chapter/10.1007/978-3-030-40690-5_28","Chapter"
"A Mashup-Based Application for the Smart City Problematic","Human-Computer Interaction: Interaction Technologies","","","","10.1007/978-3-319-20916-6_63","Abdelghani AtroucheDjilali IdoughiBertrand David","2015","http://link.springer.com/chapter/10.1007/978-3-319-20916-6_63","Chapter"
"Investigating the Use of a Mobile Crowdsourcing Application for Public Engagement in a Smart City","Digital Libraries: Knowledge, Information, and Data in an Open Access Society","","","","10.1007/978-3-319-49304-6_13","Chei Sian LeeVishwaraj AnandFeng HanXiaoyu KongDion Hoe-Lian Goh","2016","http://link.springer.com/chapter/10.1007/978-3-319-49304-6_13","Chapter"
"Augmented Reality Lenses for Smart City Data: The Case of Building Permits","Recent Advances in Information Systems and Technologies","","","","10.1007/978-3-319-56535-4_53","Silviu VertRadu Vasiu","2017","http://link.springer.com/chapter/10.1007/978-3-319-56535-4_53","Chapter"
"Relationship Between Smart City Drivers and Socially Cohesive Societies","Innovations in Smart Cities and Applications","","","","10.1007/978-3-319-74500-8_42","Ayodeji E. OkeClinton O. AigbavboaTaniele K. Cane","2018","http://link.springer.com/chapter/10.1007/978-3-319-74500-8_42","Chapter"
"Assessment of Ahmedabad (India) and Shanghai (China) on Smart City Parameters Applying the Boyd Cohen Smart City Wheel","Proceedings of the 20th International Symposium on Advancement of Construction Management and Real Estate","","","","10.1007/978-981-10-0855-9_10","Mona N. ShahShekhar NagargojeChiranjay Shah","2017","http://link.springer.com/chapter/10.1007/978-981-10-0855-9_10","Chapter"
"When Inclusion Means Smart City: Urban Planning Against Poverty","Proceedings of the Future Technologies Conference (FTC) 2019","","","","10.1007/978-3-030-32520-6_23","Jean-Claude Bolay","2020","http://link.springer.com/chapter/10.1007/978-3-030-32520-6_23","Chapter"
"From Noise to Knowledge: Smart City-Responses to Disruption","Improving Disaster Resilience and Mitigation - IT Means and Tools","","","","10.1007/978-94-017-9136-6_6","Jörg Rainer NoennigPeter Schmiedgen","2014","http://link.springer.com/chapter/10.1007/978-94-017-9136-6_6","Chapter"
"Risk Factors in Smart City Development in Russia: A Survey","Electronic Governance and Open Society: Challenges in Eurasia","","","","10.1007/978-3-030-13283-5_3","Lyudmila VidiasovaFelippe CronembergerEvgenii Vidiasov","2019","http://link.springer.com/chapter/10.1007/978-3-030-13283-5_3","Chapter"
"Population Burst Trajectory Retrieval in Smart City","Advances in Automation and Robotics, Vol. 2","","","","10.1007/978-3-642-25646-2_53","Wei ZhangXiaojian WangSiyuan LiuCe LiuYanping Liu","2012","http://link.springer.com/chapter/10.1007/978-3-642-25646-2_53","Chapter"
"Exploring Smart City Vision by University, Industry and Government","Blurring the Boundaries Through Digital Innovation","","","","10.1007/978-3-319-38974-5_20","Annalisa CocchiaRenata Paola Dameri","2016","http://link.springer.com/chapter/10.1007/978-3-319-38974-5_20","Chapter"
"Smart City: Energy Efficiency in a New Scope","Resilient Cities 2","","","","10.1007/978-94-007-4223-9_13","Christoph Rat-FischerFlorian RappPhilipp MeidlNorbert Lewald","2012","http://link.springer.com/chapter/10.1007/978-94-007-4223-9_13","Chapter"
"On-Street Car Parking Prediction in Smart City: A Multi-source Data Analysis in Sensor-Cloud Environment","Security, Privacy, and Anonymity in Computation, Communication, and Storage","","","","10.1007/978-3-319-72395-2_58","Walaa AlajaliSheng WenWanlei Zhou","2017","http://link.springer.com/chapter/10.1007/978-3-319-72395-2_58","Chapter"
"Machine Learning-Based Intrusion Detection System for Smart City","Advances in Computer Science and Ubiquitous Computing","","","","10.1007/978-981-13-9341-9_70","Jung Hyun RyuJong Hyuk Park","2020","http://link.springer.com/chapter/10.1007/978-981-13-9341-9_70","Chapter"
"Construction of an Evaluation Tool for the Use of the Smart City by Music Professionals and Music Teaching","Europe and MENA Cooperation Advances in Information and Communication Technologies","","","","10.1007/978-3-319-46568-5_22","Soraya Mohamed MohamedLaila Mohamed MohandMaría del Carmen Olmos Gomez","2017","http://link.springer.com/chapter/10.1007/978-3-319-46568-5_22","Chapter"
"Application of Bayesian Belief Networks for Smart City Fire Risk Assessment Using History Statistics and Sensor Data","Data Science","","","","10.1007/978-981-15-2810-1_1","Jinlu SunHongqiang FangJiansheng WuTing SunXingchuan Liu","2020","http://link.springer.com/chapter/10.1007/978-981-15-2810-1_1","Chapter"
"Luminaire Aware Centralized Outdoor Illumination Role Assignment Scheme: A Smart City Perspective","Advances in Big Data and Cloud Computing","","","","10.1007/978-981-13-1882-5_38","Titus IssacSalaja SilasElijah Blessing Rajsingh","2019","http://link.springer.com/chapter/10.1007/978-981-13-1882-5_38","Chapter"
"An Optimization Technique of Spatial Reuse for Communication in Smart City Environment","Quality, Reliability, Security and Robustness in Heterogeneous Networks","","","","10.1007/978-3-319-60717-7_38","Cong RanQing-guo XiongWen-xiang LiXia Wei","2017","http://link.springer.com/chapter/10.1007/978-3-319-60717-7_38","Chapter"
"Smart City Governance and Children’s Rights: Perspectives and Findings from Literature on Natural Elements Influencing Children’s Activities Within Public Spaces","Computational Science and Its Applications – ICCSA 2019","","","","10.1007/978-3-030-24311-1_11","Chiara GarauAlfonso AnnunziataDavid Vale","2019","http://link.springer.com/chapter/10.1007/978-3-030-24311-1_11","Chapter"
"The Youth of Today Designing the Smart City of Tomorrow","Human-Computer Interaction. Applications and Services","","","","10.1007/978-3-319-07227-2_37","Simon HimmelBarbara S. ZaunbrecherWiktoria WilkowskaMartina Ziefle","2014","http://link.springer.com/chapter/10.1007/978-3-319-07227-2_37","Chapter"
"A LoRaWAN Coverage Testbed and a Multi-optional Communication Architecture for Smart City Feasibility in Developing Countries","e-Infrastructure and e-Services for Developing Countries","","","","10.1007/978-3-030-41593-8_6","Pape Abdoulaye BarroMarco ZennaroJules Degila","2020","http://link.springer.com/chapter/10.1007/978-3-030-41593-8_6","Chapter"
"Semantic Model to Perform Pluggability of Heterogeneous Smart Devices into Smart City Environment","Service Orientation in Holonic and Multi-Agent Manufacturing","","","","10.1007/978-3-319-51100-9_29","Andre Dionisio RochaPedro FernandesCatiele LimaJose Barata Oliveira","2017","http://link.springer.com/chapter/10.1007/978-3-319-51100-9_29","Chapter"
"Citizens’ Understanding of Smart City Development: The Case of St. Petersburg, Russia","Electronic Governance and Open Society: Challenges in Eurasia","","","","10.1007/978-3-030-39296-3_4","Lyudmila VidiasovaFelippe CronembergerNatalia OsipovaElena Bershadskaya","2020","http://link.springer.com/chapter/10.1007/978-3-030-39296-3_4","Chapter"
"Inclusive Smart City: An Exploratory Study","Universal Access in Human-Computer Interaction. Interaction Techniques and Environments","","","","10.1007/978-3-319-40244-4_44","João Soares de Oliveira NetoSergio Takeo Kofuji","2016","http://link.springer.com/chapter/10.1007/978-3-319-40244-4_44","Chapter"
"How Smart is the Smart City? Assessing the Impact of ICT on Cities","Agent Based Modelling of Urban Systems","","","","10.1007/978-3-319-51957-9_11","Michal Gath-MoradDavide SchaumannEinat ZingerPnina O. PlautYehuda E. Kalay","2017","http://link.springer.com/chapter/10.1007/978-3-319-51957-9_11","Chapter"
"Evaluation of Smart City Developmental Level Based on Principal Component Analysis and GA-BP Neural Network","Frontier Computing","","","","10.1007/978-981-10-3187-8_35","Chao ShiMengqiao HanYanbing Ju","2018","http://link.springer.com/chapter/10.1007/978-981-10-3187-8_35","Chapter"
"Redefining and Exploring the Smart City Concept in Indian Perspective: Case Study of Varanasi","From Poverty, Inequality to Smart City","","","","10.1007/978-981-10-2141-1_7","Sunny BansalVidhu PandeyJoy Sen","2017","http://link.springer.com/chapter/10.1007/978-981-10-2141-1_7","Chapter"
"Applications and Interface Requirements to Engage the Citizens to Share Information in a Smart City Project","Advances in Ergonomics in Design","","","","10.1007/978-3-319-60582-1_71","Francisco RebeloPaulo NoriegaTiago OliveiraDaniela SantosJosé CarvalhaisTeresa Cotrim","2018","http://link.springer.com/chapter/10.1007/978-3-319-60582-1_71","Chapter"
"Lifecycle Management in the Smart City Context: Smart Parking Use-Case","Product Lifecycle Management for Digital Transformation of Industries","","","","10.1007/978-3-319-54660-5_56","Ahmed HefnawyTaha ElhaririAbdelaziz BourasChantal CherifiJeremy RobertSylvain KublerKary Frӓmling","2016","http://link.springer.com/chapter/10.1007/978-3-319-54660-5_56","Chapter"
"CityBench: A Configurable Benchmark to Evaluate RSP Engines Using Smart City Datasets","The Semantic Web - ISWC 2015","","","","10.1007/978-3-319-25010-6_25","Muhammad Intizar AliFeng GaoAlessandra Mileo","2015","http://link.springer.com/chapter/10.1007/978-3-319-25010-6_25","Chapter"
"Integrating Online Data for Smart City Data Marts","Data Analytics","","","","10.1007/978-3-319-60795-5_3","Michael ScrineyMartin F. O’ConnorMark Roantree","2017","http://link.springer.com/chapter/10.1007/978-3-319-60795-5_3","Chapter"
"Smart City Governance in the Geo-resources Planning Paradigm in the Metropolitan City of Cagliari (Italy)","Computational Science and Its Applications – ICCSA 2017","","","","10.1007/978-3-319-62398-6_26","Ginevra BallettoChiara Garau","2017","http://link.springer.com/chapter/10.1007/978-3-319-62398-6_26","Chapter"
"Interaction of the IoT Traffic Generated by a Smart City Segment with SDN Core Network","Wired/Wireless Internet Communications","","","","10.1007/978-3-319-61382-6_10","Artem VolkovAbdukodir KhakimovAmmar MuthannaRuslan KirichekAndrei VladykoAndrey Koucheryavy","2017","http://link.springer.com/chapter/10.1007/978-3-319-61382-6_10","Chapter"
"MUS.AQ: A Digital Museum of L’Aquila for the Smart City INCIPICT Project","New Activities For Cultural Heritage","","","","10.1007/978-3-319-67026-3_22","Stefano BrusaporciMario CentofantiPamela Maiezza","2017","http://link.springer.com/chapter/10.1007/978-3-319-67026-3_22","Chapter"
"GIS-Based Commute Analysis Using Smart Card Data: A Case Study of Multi-Mode Public Transport for Smart City","Geo-Informatics in Resource Management and Sustainable Ecosystem","","","","10.1007/978-3-662-49155-3_8","Yuyang ZhouLin YaoYu JiangYanyan ChenYi Gong","2016","http://link.springer.com/chapter/10.1007/978-3-662-49155-3_8","Chapter"
"Distributed Computation of Mobility Patterns in a Smart City Environment","Euro-Par 2018: Parallel Processing Workshops","","","","10.1007/978-3-030-10549-5_44","Eugenio CesarioFranco CicirelliCarlo Mastroianni","2019","http://link.springer.com/chapter/10.1007/978-3-030-10549-5_44","Chapter"
"Scheduler for Automatic Management of Maintenance Jobs in Large-Size Systems: A Case Study Applied to Smart City","Ubiquitous Computing and Ambient Intelligence","","","","10.1007/978-3-319-67585-5_6","Rafael J. Valdivieso-SarabiaOscar Marín-AlonsoFernando G. Guerrero-GómezFrancisco J. Ferrández-PastorJerónimo Mora-PascualJuan M. García-Chamizo","2017","http://link.springer.com/chapter/10.1007/978-3-319-67585-5_6","Chapter"
"A Smart City Case Study: Dynamic Management of Road Lanes","Distributed, Ambient, and Pervasive Interactions","","","","10.1007/978-3-319-07788-8_58","Chen WangBertrand DavidRené Chalon","2014","http://link.springer.com/chapter/10.1007/978-3-319-07788-8_58","Chapter"
"Smart City Concepts: Chances and Risks of Energy Efficient Urban Development","Smart Cities, Green Technologies, and Intelligent Transport Systems","","","","10.1007/978-3-319-27753-0_1","Rudolf Giffinger","2015","http://link.springer.com/chapter/10.1007/978-3-319-27753-0_1","Chapter"
"Understanding Kid-Friendly Urban Space for a More Inclusive Smart City: The Case Study of Cagliari (Italy)","Computational Science and Its Applications – ICCSA 2018","","","","10.1007/978-3-319-95168-3_40","Alfonso AnnunziataChiara Garau","2018","http://link.springer.com/chapter/10.1007/978-3-319-95168-3_40","Chapter"
"Connecting Citizens: Designing for Data Collection and Dissemination in the Smart City","Internet Science","","","","10.1007/978-3-319-70284-1_10","Donald McMillan","2017","http://link.springer.com/chapter/10.1007/978-3-319-70284-1_10","Chapter"
"From SMART Cities to SMART City-Regions: Reflections and Proposals","Computational Science and Its Applications – ICCSA 2017","","","","10.1007/978-3-319-62398-6_20","Ilaria GrecoAngela Cresta","2017","http://link.springer.com/chapter/10.1007/978-3-319-62398-6_20","Chapter"
"A Value-Oriented Approach in Smart City Projects Selection and Ranking","Digital Transformation and Global Society","","","","10.1007/978-3-319-69784-0_26","Sergey A. MityaginSergey I. DrojjinOlga B. Tikhonova","2017","http://link.springer.com/chapter/10.1007/978-3-319-69784-0_26","Chapter"
"Smart City: A GECAD-BISITE Energy Management Case Study","Trends in Cyber-Physical Multi-Agent Systems. The PAAMS Collection - 15th International Conference, PAAMS 2017","","","","10.1007/978-3-319-61578-3_9","Bruno CanizesTiago PintoJoão SoaresZita ValePablo ChamosoDaniel Santos","2018","http://link.springer.com/chapter/10.1007/978-3-319-61578-3_9","Chapter"
"Smart Mobility in Smart City","Empowering Organizations","","","","10.1007/978-3-319-23784-8_2","Clara BenevoloRenata Paola DameriBeatrice D’Auria","2016","http://link.springer.com/chapter/10.1007/978-3-319-23784-8_2","Chapter"
"The Smart City Agenda and the Citizens: Perceptions from the St. Petersburg Experience","Digital Transformation and Global Society","","","","10.1007/978-3-030-02843-5_19","Lyudmila VidiasovaFelippe CronembergerIaroslava Tensina","2018","http://link.springer.com/chapter/10.1007/978-3-030-02843-5_19","Chapter"
"A Hybrid Machine Learning Based Low Cost Approach for Real Time Vehicle Position Estimation in a Smart City","Advances in Ubiquitous Networking 2","","","","10.1007/978-981-10-1627-1_44","Ikram BelhajemYann Ben MaissaAhmed Tamtaoui","2017","http://link.springer.com/chapter/10.1007/978-981-10-1627-1_44","Chapter"
"Smart City Environmental Perception from Ambient Cellular Signals","Algorithms and Architectures for Parallel Processing","","","","10.1007/978-3-319-65482-9_55","Isha SinghStephan Sigg","2017","http://link.springer.com/chapter/10.1007/978-3-319-65482-9_55","Chapter"
"Internet of Things (IoT) and Deep Neural Network-Based Intelligent and Conceptual Model for Smart City","Frontiers in Intelligent Computing: Theory and Applications","","","","10.1007/978-981-32-9186-7_30","Kalpna GautamVikram PuriJolanda G. TrompNhu Gia NguyenChung Van Le","2020","http://link.springer.com/chapter/10.1007/978-981-32-9186-7_30","Chapter"
"Smart Grid for Smart City Activities in the California City of Riverside","Smart City 360°","","","","10.1007/978-3-319-33681-7_26","Hamed Mohsenian-RadEd Cortez","2016","http://link.springer.com/chapter/10.1007/978-3-319-33681-7_26","Chapter"
"Between a Smart City and Smart Society","Intelligent Human Systems Integration","","","","10.1007/978-3-319-73888-8_110","Gianmarco CifaldiIonut Serban","2018","http://link.springer.com/chapter/10.1007/978-3-319-73888-8_110","Chapter"
"Data Science Supporting Smart City Management: A Predictive Analysis Perspective","Proceedings of the 4th Brazilian Technology Symposium (BTSym'18)","","","","10.1007/978-3-030-16053-1_41","Giovanni Moura de HolandaCristina Y. K. Obata AdorniJorge Moreira de Souza","2019","http://link.springer.com/chapter/10.1007/978-3-030-16053-1_41","Chapter"
"Towards Smart City Energy Analytics: Identification of Consumption Patterns Based on the Clustering of Daily Electric Consumption Curves","Complex Systems Design & Management","","","","10.1007/978-3-319-26109-6_37","Fateh Nassim MelziMohamed Haykel ZayaniAmira BenhamidaFrançois StephanAllou SameLatifa Oukhellou","2016","http://link.springer.com/chapter/10.1007/978-3-319-26109-6_37","Chapter"
"Stakeholders Approach to Smart Cities: A Survey on Smart City Definitions","Smart Cities","","","","10.1007/978-3-319-39595-1_16","Victoria Fernandez-Anez","2016","http://link.springer.com/chapter/10.1007/978-3-319-39595-1_16","Chapter"
"Swarm Intelligent WSN for Smart City","Proceedings of the International Conference on Data Engineering and Communication Technology","","","","10.1007/978-981-10-1678-3_66","Shobha S. NikamPradeep B. Mane","2017","http://link.springer.com/chapter/10.1007/978-981-10-1678-3_66","Chapter"
"Multiple-Benefits from Buildings’ Refurbishment: Evidence from Smart City Projects in Europe","New Metropolitan Perspectives","","","","10.1007/978-3-319-92099-3_19","Stefano ZambottiSimon PezzuttoAdriano Bisello","2019","http://link.springer.com/chapter/10.1007/978-3-319-92099-3_19","Chapter"
"Tiles-Reflection: Designing for Reflective Learning and Change Behaviour in the Smart City","The Interplay of Data, Technology, Place and People for Smart Learning","","","","10.1007/978-3-319-92022-1_7","Francesco GianniLisa KlechaMonica Divitini","2019","http://link.springer.com/chapter/10.1007/978-3-319-92022-1_7","Chapter"
"Balancing Speedup and Accuracy in Smart City Parallel Applications","Euro-Par 2016: Parallel Processing Workshops","","","","10.1007/978-3-319-58943-5_18","Carlo MastroianniEugenio CesarioAndrea Giordano","2017","http://link.springer.com/chapter/10.1007/978-3-319-58943-5_18","Chapter"
"Smart City Research as an Interdisciplinary Crossroads: A Challenge for Management and Organization Studies","From Information to Smart Society","","","","10.1007/978-3-319-09450-2_14","Francesca RicciardiStefano Za","2015","http://link.springer.com/chapter/10.1007/978-3-319-09450-2_14","Chapter"
"Total Optimization of Smart City Using Initial Searching Points Generation Based on k-means Algorithm","Advances in Swarm Intelligence","","","","10.1007/978-3-319-61833-3_31","Mayuko SatoYoshikazu Fukuyama","2017","http://link.springer.com/chapter/10.1007/978-3-319-61833-3_31","Chapter"
"ESMRsc: Energy Aware and Stable Multipath Routing Protocol for Ad Hoc Networks in Smart City","Renewable Energy for Smart and Sustainable Cities","","","","10.1007/978-3-030-04789-4_4","Salah Eddine BenatiaOmar SmailMeftah BoudjelalBernard Cousin","2019","http://link.springer.com/chapter/10.1007/978-3-030-04789-4_4","Chapter"
"Towards Smart City Learning: Contextualizing Geometry Learning with a Van Hiele Inspired Location-Aware Game","Entertainment Computing - ICEC 2015","","","","10.1007/978-3-319-24589-8_32","Matthias RehmCatalin StanNiels Peter WøldikeDimitra Vasilarou","2015","http://link.springer.com/chapter/10.1007/978-3-319-24589-8_32","Chapter"