Title-and-Abstract-Based-screening,Inclusion/esclusion-criteria-screening (yes: include no: esclude),Item Title,Publication Title,Book Series Title,Journal Volume,Journal Issue,Item DOI,Authors,Publication Year,URL,Content Type
,yes,Cloud Native Approach to the Implementation of an Environmental Monitoring System for Smart City Based on IoT Devices,Computational Science – ICCS 2023,,,,10.1007/978-3-031-36030-5_41,Mirosław HajderLucyna HajderPiotr HajderJanusz Kolbusz,2023,http://link.springer.com/chapter/10.1007/978-3-031-36030-5_41,Chapter
,,Blockchain Applications in Smart City: A Survey,Smart Computing and Communication,,,,10.1007/978-3-031-28124-2_46,Shuo WangZhiqi LeiZijun WangDongjue WangMohan WangGangqiang YangKeke Gai,2023,http://link.springer.com/chapter/10.1007/978-3-031-28124-2_46,Chapter
,,Semantic Matching Through Knowledge Graphs: A Smart City Case,Advanced Information Systems Engineering Workshops,,,,10.1007/978-3-031-34985-0_10,Alexander VoelzDanial M. AmlashiMoonkun Lee,2023,http://link.springer.com/chapter/10.1007/978-3-031-34985-0_10,Chapter
,,Rating Urban Transport Services Quality Using a Sentiment Analysis Approach,Smart Technologies for Sustainable and Resilient Ecosystems,,,,10.1007/978-3-031-35982-8_12,Orlando BeloRicardo Milhazes,2023,http://link.springer.com/chapter/10.1007/978-3-031-35982-8_12,Chapter
,,Human-Centric Machine Learning: The Role of Users in the Development of IoT Device Identification and Vulnerability Assessment,"HCI for Cybersecurity, Privacy and Trust",,,,10.1007/978-3-031-35822-7_40,Priscilla Kyei DansoHeather MolyneauxAlireza ZohourianEuclides Carlos Pinto NetoDerrick WhalenSajjad DadkhahAli A. Ghorbani,2023,http://link.springer.com/chapter/10.1007/978-3-031-35822-7_40,Chapter
,,Detecting Air Conditioning Usage in Households Using Unsupervised Machine Learning on Smart Meter Data,Smart Cities,,,,10.1007/978-3-031-28454-0_16,Rodrigo PorteiroSergio Nesmachnow,2023,http://link.springer.com/chapter/10.1007/978-3-031-28454-0_16,Chapter
,,Machine Learning Approach to Crisis Management Exercise Analysis: A Case Study in SURE Project,Smart Technologies for Sustainable and Resilient Ecosystems,,,,10.1007/978-3-031-35982-8_8,Henry JoutsijokiSari MäenpääIlari KarppiIina Sankala,2023,http://link.springer.com/chapter/10.1007/978-3-031-35982-8_8,Chapter
,,Distribution of Police Patrols as a Covering Problem in Smart Cities: Fuengirola Use Case,Smart Cities,,,,10.1007/978-3-031-28454-0_4,Jamal ToutouhFrancisco ChicanoRodrigo Gil-Merino,2023,http://link.springer.com/chapter/10.1007/978-3-031-28454-0_4,Chapter
,,Data Integration Revitalized: From Data Warehouse Through Data Lake to Data Mesh,Database and Expert Systems Applications,,,,10.1007/978-3-031-39847-6_1,Robert Wrembel,2023,http://link.springer.com/chapter/10.1007/978-3-031-39847-6_1,Chapter
,,Big Data Trends in the Analysis of City Resources,Smart Cities,,,,10.1007/978-3-031-28454-0_15,Regina GubarevaRui Pedro Lopes,2023,http://link.springer.com/chapter/10.1007/978-3-031-28454-0_15,Chapter
,,LiquidAI: Towards an Isomorphic AI/ML System Architecture for the Cloud-Edge Continuum,Web Engineering,,,,10.1007/978-3-031-34444-2_5,Kari SystäCesare PautassoAntero TaivalsaariTommi Mikkonen,2023,http://link.springer.com/chapter/10.1007/978-3-031-34444-2_5,Chapter
,,A Blockchain-Based Model for OAuth Authorization via Third-Party Web Application,Applied Technologies,,,,10.1007/978-3-031-24985-3_32,Julio C. Mendoza-TelloNelson R. Baquero-Parra,2023,http://link.springer.com/chapter/10.1007/978-3-031-24985-3_32,Chapter
,,Systemic Review of AI Reshaped Blockchain Applications,Advanced Network Technologies and Intelligent Computing,,,,10.1007/978-3-031-28180-8_32,Mohammad ShamsuddohaMohammad A. KashemSaroj Koul,2023,http://link.springer.com/chapter/10.1007/978-3-031-28180-8_32,Chapter
,,Putting Intelligence into Things: An Overview of Current Architectures,Artificial Intelligence  Applications  and Innovations. AIAI 2023 IFIP WG 12.5 International Workshops,,,,10.1007/978-3-031-34171-7_8,Maria BelesiotiIoannis P. ChochliourosPanagiotis DimasManolis SofianopoulosTheodore ZahariadisCharalabos SkianisEnric Pages Montanera,2023,http://link.springer.com/chapter/10.1007/978-3-031-34171-7_8,Chapter
,,Improving Public Transportation Efficiency Through Accurate Bus Passenger Demand,"Highlights in Practical Applications of Agents, Multi-Agent Systems, and Cognitive Mimetics. The PAAMS Collection",,,,10.1007/978-3-031-37593-4_2,Alejandro IbáñezJaume JordánVicente Julian,2023,http://link.springer.com/chapter/10.1007/978-3-031-37593-4_2,Chapter
,,Synthesized Data Generation for Public Transportation Systems,Smart Cities,,,,10.1007/978-3-031-28454-0_13,Federico GómezSergio Nesmachnow,2023,http://link.springer.com/chapter/10.1007/978-3-031-28454-0_13,Chapter
,,IoT Platform for Monitoring Nutritional and Weather Conditions of Avocado Production,Smart Cities,,,,10.1007/978-3-031-28454-0_7,Pedro Moreno-BernalParis Arizmendi-PeraltaJosé Alberto Hernández-AguilarJesús del Carmen Peralta-AbarcaJ. Guadalupe Velásquez-Aguilar,2023,http://link.springer.com/chapter/10.1007/978-3-031-28454-0_7,Chapter
,,Blockchain Based Services in Education: A Bibliometric Analysis,Machine Intelligence and Emerging Technologies,,,,10.1007/978-3-031-34622-4_28,Md. Shariar HossainA. K. M. Bahalul Haque,2023,http://link.springer.com/chapter/10.1007/978-3-031-34622-4_28,Chapter
,,Station Balancing System of a Bike Sharing System by Means of a Multi-agent System in Collaboration with the User’s Decision,"Highlights in Practical Applications of Agents, Multi-Agent Systems, and Cognitive Mimetics. The PAAMS Collection",,,,10.1007/978-3-031-37593-4_6,Belén Pérez-LanchoAlfonso González-BrionesBlanca Mellado PintoSara Rodríguez,2023,http://link.springer.com/chapter/10.1007/978-3-031-37593-4_6,Chapter
,,Enhancing IoT Security Through Deep Learning-Based Intrusion Detection,Computer and Communication Engineering,,,,10.1007/978-3-031-35299-7_8,A. JyotsnaE. A. Mary Anita,2023,http://link.springer.com/chapter/10.1007/978-3-031-35299-7_8,Chapter
,,Exploiting Metadata Semantics in Data Lakes Using Blueprints,Evaluation of Novel Approaches to Software Engineering,,,,10.1007/978-3-031-36597-3_11,Michalis PingosAndreas S. Andreou,2023,http://link.springer.com/chapter/10.1007/978-3-031-36597-3_11,Chapter
,,Enabling IoT Connectivity and Interoperability by Using Automated Gateways,Software Architecture. ECSA 2022 Tracks and Workshops,,,,10.1007/978-3-031-36889-9_21,Jasminka MatevskaMarvin Soldin,2023,http://link.springer.com/chapter/10.1007/978-3-031-36889-9_21,Chapter
,,Deep Neural Networks for Global Horizontal Irradiation Forecasting: A Comparative Study,Smart Cities,,,,10.1007/978-3-031-28454-0_6,Cristian Arbeláez-DuqueAlejandro Duque-CiroWalter Villa-AcevedoÁlvaro Jaramillo-Duque,2023,http://link.springer.com/chapter/10.1007/978-3-031-28454-0_6,Chapter
,,Classification of Polyethylene Terephthalate Bottles in a Recycling Plant,Smart Cities,,,,10.1007/978-3-031-28454-0_12,Diego Alberto GodoyEnrique Marcelo AlbornozRicardo SelvaNicolas IbarraCesar Gallardo,2023,http://link.springer.com/chapter/10.1007/978-3-031-28454-0_12,Chapter
,,Using IoT Technology for the Skilled Crafts,Enterprise Information Systems,,,,10.1007/978-3-031-39386-0_3,André PompAndreas BurgdorfAlexander PaulusTobias Meisen,2023,http://link.springer.com/chapter/10.1007/978-3-031-39386-0_3,Chapter
,,Diabetes Mellitus Prediction Using Transfer Learning,Machine Intelligence and Emerging Technologies,,,,10.1007/978-3-031-34619-4_7,Md Ifraham IqbalAhmed Shabab NoorAhmed Rafi Hasan,2023,http://link.springer.com/chapter/10.1007/978-3-031-34619-4_7,Chapter
,,A Lightweight Mutual Authentication and Key Generation Scheme in IoV Ecosystem,ITNG 2023 20th International Conference on Information Technology-New Generations,,,,10.1007/978-3-031-28332-1_14,Samah MansourAdrian LaufMostafa El-Said,2023,http://link.springer.com/chapter/10.1007/978-3-031-28332-1_14,Chapter
,,DBFEH: Design of a Deep-Learning-Based Bioinspired Model to Improve Feature Extraction Capabilities of Healthcare Device Sets,"Computing Science, Communication and Security",,,,10.1007/978-3-031-40564-8_11,Vonteru Srikanth ReddyKumar Debasis,2023,http://link.springer.com/chapter/10.1007/978-3-031-40564-8_11,Chapter
,,A Privacy-Orientated Distributed Data Storage Model for Smart Homes,"HCI for Cybersecurity, Privacy and Trust",,,,10.1007/978-3-031-35822-7_13,Khutso LebeaWai Sze Leung,2023,http://link.springer.com/chapter/10.1007/978-3-031-35822-7_13,Chapter
,,Programming Distributed Collective Processes for Dynamic Ensembles and Collective Tasks,Coordination Models and Languages,,,,10.1007/978-3-031-35361-1_4,Giorgio AudritoRoberto CasadeiFerruccio DamianiGianluca TortaMirko Viroli,2023,http://link.springer.com/chapter/10.1007/978-3-031-35361-1_4,Chapter
,,An IoT Monitoring System for Dairy Products,IoT as a Service,,,,10.1007/978-3-031-37139-4_2,Evangelos SyrmosDimitrios BechtsisDimitrios VlachosGeorgios PapapanagiotakisTheodora TodiMaria PapaspyropoulouKonstantinos GeorgakidisNikolaos Sfitis,2023,http://link.springer.com/chapter/10.1007/978-3-031-37139-4_2,Chapter
,,Super Resolution Generative Adversarial Network for Velocity Fields in Large Eddy Simulations,Smart Cities,,,,10.1007/978-3-031-28454-0_5,Maximiliano BoveSergio NesmachnowMartín Draper,2023,http://link.springer.com/chapter/10.1007/978-3-031-28454-0_5,Chapter
,,Extracting Digital Biomarkers for Unobtrusive Stress State Screening from Multimodal Wearable Data,Smart Technologies for Sustainable and Resilient Ecosystems,,,,10.1007/978-3-031-35982-8_10,Berrenur SaylamÖzlem Durmaz İncel,2023,http://link.springer.com/chapter/10.1007/978-3-031-35982-8_10,Chapter
,,A Deep Learning Approach for the Intersection Congestion Prediction Problem,ITNG 2023 20th International Conference on Information Technology-New Generations,,,,10.1007/978-3-031-28332-1_8,Marie Claire MelhemHaidar Harmanani,2023,http://link.springer.com/chapter/10.1007/978-3-031-28332-1_8,Chapter
,,Cross-Layer Architecture for Energy Optimization of Edge Computing,Machine Intelligence and Emerging Technologies,,,,10.1007/978-3-031-34622-4_54,Rushali Sharif UddinNusaiba Zaman ManifaLatin ChakmaMd. Motaharul Islam,2023,http://link.springer.com/chapter/10.1007/978-3-031-34622-4_54,Chapter
,,IoT for Energy Saving at Homes in Santo Domingo de Los Tsáchilas,Applied Technologies,,,,10.1007/978-3-031-24985-3_36,Diego Salazar-ArmijosVerónica Martínez-CepedaLuis Ortiz-DelgadoRodrigo Bastidas-Chalán,2023,http://link.springer.com/chapter/10.1007/978-3-031-24985-3_36,Chapter
,,Home Energy Management System to Reduce Unconscious Electricity Consumption,IoT as a Service,,,,10.1007/978-3-031-37139-4_1,Nurkhat ZhakiyevYerasyl AmanbekAidana KalakovaDidar Yedilkhan,2023,http://link.springer.com/chapter/10.1007/978-3-031-37139-4_1,Chapter
,,A Need for Privacy-Assistive Technology in Notice and Consent Paradigm in IoT,Digital Sovereignty in Cyber Security: New Challenges in Future Vision,,,,10.1007/978-3-031-36096-1_3,Shukun TokasGencer Erdogan,2023,http://link.springer.com/chapter/10.1007/978-3-031-36096-1_3,Chapter
,,Cognitive Architecture for Co-evolutionary Hybrid Intelligence,Artificial General Intelligence,,,,10.1007/978-3-031-19907-3_28,Kirill KrinkinYulia Shichkina,2023,http://link.springer.com/chapter/10.1007/978-3-031-19907-3_28,Chapter
,,An Analysis of Political Parties Cohesion Based on Congressional Speeches,Computational Science – ICCS 2023,,,,10.1007/978-3-031-36024-4_8,Willian P. C. LimaLucas C. MarquesLaura S. AssisDouglas O. Cardoso,2023,http://link.springer.com/chapter/10.1007/978-3-031-36024-4_8,Chapter
,,Artificial Intelligence for Automatic Building Extraction from Urban Aerial Images,Smart Cities,,,,10.1007/978-3-031-28454-0_3,Lucas GonzálezJamal ToutouhSergio Nesmachnow,2023,http://link.springer.com/chapter/10.1007/978-3-031-28454-0_3,Chapter
,,IoT Architectures for Indoor Radon Management: A Prospective Analysis,Smart Technologies for Sustainable and Resilient Ecosystems,,,,10.1007/978-3-031-35982-8_5,Oscar Blanco-NovoaPaulo BarrosPaula Fraga-LamasSérgio Ivan LopesTiago M. Fernández-Caramés,2023,http://link.springer.com/chapter/10.1007/978-3-031-35982-8_5,Chapter
,,Knowledge Graph of Urban Firefighting with Rule-Based Entity Extraction,Engineering Applications of Neural Networks,,,,10.1007/978-3-031-34204-2_15,Xudong WangSlam NadyZixiang ZhangMingtong ZhangJingrong Wang,2023,http://link.springer.com/chapter/10.1007/978-3-031-34204-2_15,Chapter
,,IAT/ML: A Domain-Specific Approach for Discourse Analysis and Processing,"Enterprise, Business-Process and Information Systems Modeling",,,,10.1007/978-3-031-34241-7_14,Cesar Gonzalez-PerezMartín Pereira-FariñaPatricia Martín-Rodilla,2023,http://link.springer.com/chapter/10.1007/978-3-031-34241-7_14,Chapter
,,Fbereum: A Novel Distributed Ledger Technology System,Smart Computing and Communication,,,,10.1007/978-3-031-28124-2_64,Dylan YuEthan YangAlissa ShenDan TamirNaphtali Rishe,2023,http://link.springer.com/chapter/10.1007/978-3-031-28124-2_64,Chapter
,,Integrating Computer Vision and Crowd Sourcing to Infer Drug Use on Streets: A Case Study with 311 Data in San Francisco,Smart Technologies for Sustainable and Resilient Ecosystems,,,,10.1007/978-3-031-35982-8_7,Hye Seon YiTanvir BhuiyanSriram Chellappan,2023,http://link.springer.com/chapter/10.1007/978-3-031-35982-8_7,Chapter
,,Knowledge Sharing in Proactive WoT Multi-environment Models,Current Trends in Web Engineering,,,,10.1007/978-3-031-25380-5_4,Rubén Rentero-TrejoJaime Galán-JiménezJosé García-AlonsoJavier BerrocalJuan Manuel Murillo,2023,http://link.springer.com/chapter/10.1007/978-3-031-25380-5_4,Chapter
,,Streaming Data Analytics for Feature Importance Measures in Concept Drift Detection and Adaptation,Database and Expert Systems Applications,,,,10.1007/978-3-031-39847-6_8,Ali Alizadeh MansouriAbbas JavadtalabNematollaah Shiri,2023,http://link.springer.com/chapter/10.1007/978-3-031-39847-6_8,Chapter
,,AI-Job Scheduling on Systems with Renewable Power Sources,Job Scheduling Strategies for Parallel Processing,,,,10.1007/978-3-031-22698-4_2,Ganesh Kamath NileshwarUwe Schwiegelshohn,2023,http://link.springer.com/chapter/10.1007/978-3-031-22698-4_2,Chapter
,,"$${\tau }$$
              
                τ
              
            JUpdate: A Temporal Update Language for JSON Data",Model and Data Engineering,,,,10.1007/978-3-031-21595-7_18,Zouhaier BrahmiaFabio GrandiSafa BrahmiaRafik Bouaziz,2023,http://link.springer.com/chapter/10.1007/978-3-031-21595-7_18,Chapter
,,Bandwidth Allocation for eMBB and mMTC Slices Based on AI-Aided Traffic Prediction,IoT as a Service,,,,10.1007/978-3-031-37139-4_11,Xiaoli ZhangKai LiangJen-Jee ChenJiaxin Liu,2023,http://link.springer.com/chapter/10.1007/978-3-031-37139-4_11,Chapter
,,"Philippine Stock Direction Forecasting Utilizing Technical, Fundamental, and News Sentiment Data",Smart Technologies for Sustainable and Resilient Ecosystems,,,,10.1007/978-3-031-35982-8_4,Sean Arthur E. SombritoKenneth John G. GonzalesJan Kyle Lewis T. NolascoNestor Michael C. Tiglao,2023,http://link.springer.com/chapter/10.1007/978-3-031-35982-8_4,Chapter
,,Evaluating the Future Device Security Risk Indicator for Hundreds of IoT Devices,Security and Trust Management,,,,10.1007/978-3-031-29504-1_3,Pascal OserFelix EngelmannStefan LüdersFrank Kargl,2023,http://link.springer.com/chapter/10.1007/978-3-031-29504-1_3,Chapter
,,Secure Infrastructure for Cyber-Physical Ranges,Research Challenges in Information Science: Information Science and the Connected World,,,,10.1007/978-3-031-33080-3_45,Vyron Kampourakis,2023,http://link.springer.com/chapter/10.1007/978-3-031-33080-3_45,Chapter
,,A Cost-Effective Thermal Imaging Safety Sensor for Industry 5.0 and Collaborative Robotics,Smart Technologies for Sustainable and Resilient Ecosystems,,,,10.1007/978-3-031-35982-8_1,Daniel BarrosPaula Fraga-LamasTiago M. Fernández-CaramésSérgio Ivan Lopes,2023,http://link.springer.com/chapter/10.1007/978-3-031-35982-8_1,Chapter
,,Quantitative Evaluation of Saudi E-government Websites Using a Web Structure Mining Methodology,Smart Technologies for Sustainable and Resilient Ecosystems,,,,10.1007/978-3-031-35982-8_9,Tahani M. AlqurashiZahyah H. Alharbi,2023,http://link.springer.com/chapter/10.1007/978-3-031-35982-8_9,Chapter
,,Smart Contract Vulnerability Detection Model Based on Siamese Network,Smart Computing and Communication,,,,10.1007/978-3-031-28124-2_60,Weijie ChenRan GuoGuopeng WangLejun ZhangJing QiuShen SuYuan LiuGuangxia XuHuiling Chen,2023,http://link.springer.com/chapter/10.1007/978-3-031-28124-2_60,Chapter
,,Open-Source Big Data Platform for Real-Time Geolocation in Smart Cities,Smart Cities,,,,10.1007/978-3-030-96753-6_15,Pedro Moreno-BernalCarlos Alan Cervantes-SalazarSergio NesmachnowJuan Manuel Hurtado-RamírezJosé Alberto Hernández-Aguilar,2022,http://link.springer.com/chapter/10.1007/978-3-030-96753-6_15,Chapter
,,Smart City IoT On-Demand Monitoring System Using a Drone Fleet,Future Access Enablers for Ubiquitous and Intelligent Infrastructures,,,,10.1007/978-3-031-15101-9_8,Gordana JotanovicVladimir BrtkaJelena StojanovZeljko StojanovGoran JausevacDalibor Dobrilovic,2022,http://link.springer.com/chapter/10.1007/978-3-031-15101-9_8,Chapter
,,Experimentation Scenarios for Machine Learning-Based Resource Management,Artificial Intelligence Applications and Innovations. AIAI 2022 IFIP WG 12.5 International Workshops,,,,10.1007/978-3-031-08341-9_11,Alexandros KostopoulosIoannis P. ChochliourosJohn VardakasMiquel PayaróSergio BarrachinaMd Arifur RahmanEvgenii VinogradovPhilippe ChanclouRoberto GonzalezCharalambos KlitisSabrina De Capitani di VimercatiPolyzois SoumplisEmmanuel VarvarigosDimitrios KritharidisKostas Chartsias,2022,http://link.springer.com/chapter/10.1007/978-3-031-08341-9_11,Chapter
,,Characterization of the Spatiotemporal Behavior of a Sweeping System Using Supervised Machine Learning Enhanced with Feature Engineering,Collaborative Networks in Digitalization and Society 5.0,,,,10.1007/978-3-031-14844-6_20,Bechir Ben DayaJean-François AudyAmina Lamghari,2022,http://link.springer.com/chapter/10.1007/978-3-031-14844-6_20,Chapter
,,A Machine Learning Approach for Detecting Traffic Incidents from Video Cameras,Smart Cities,,,,10.1007/978-3-030-96753-6_12,Guillermo GabrielliIgnacio FerreiraPablo DalchieleAndrei TchernykhSergio Nesmachnow,2022,http://link.springer.com/chapter/10.1007/978-3-030-96753-6_12,Chapter
,,Artificial Intelligence Empowered Internet of Things for Smart City Management,Emerging Technologies in Computer Engineering: Cognitive Computing and Intelligent IoT,,,,10.1007/978-3-031-07012-9_18,Abinash RathE. KannapiranMohammad Salameh AlmahirahAshim BoraShanjida Chowdhury,2022,http://link.springer.com/chapter/10.1007/978-3-031-07012-9_18,Chapter
,,A Preliminary Survey on Smart Specialization Platforms: Evaluation of European Best Practices,Computational Science and Its Applications – ICCSA 2022 Workshops,,,,10.1007/978-3-031-10592-0_7,Simone ChiordiGiulia DesogusChiara GarauPaolo NesiPaola Zamperlin,2022,http://link.springer.com/chapter/10.1007/978-3-031-10592-0_7,Chapter
,,A Covid-19 Vaccination Tracking and Control Platform in Santiago de Cali,Smart Cities,,,,10.1007/978-3-030-96753-6_13,Andres Felipe FuentesDiego Fernando BoteroCristhian Torres Ramirez,2022,http://link.springer.com/chapter/10.1007/978-3-030-96753-6_13,Chapter
,,Sustainable and Social Energy on Smart Cities: Systematic Review,"Advanced Research in Technologies, Information, Innovation and Sustainability",,,,10.1007/978-3-031-20316-9_6,Regina SousaDiogo LopesAntónio SilvaDalila DurãesHugo PeixotoJosé MachadoPaulo Novais,2022,http://link.springer.com/chapter/10.1007/978-3-031-20316-9_6,Chapter
,,The Role of a Data Marketplace for Innovation and Value-Added Services in Smart and Sustainable Cities,Innovations for Community Services,,,,10.1007/978-3-031-06668-9_16,Rebekka AlvsvågAnthony Bokolo Jr.Sobah Abbas Petersen,2022,http://link.springer.com/chapter/10.1007/978-3-031-06668-9_16,Chapter
,,Stakeholder’s Perspective of Digital Technologies and Platforms Towards Smart Campus Transition: Challenges and Prospects,Informatics and Intelligent Applications,,,,10.1007/978-3-030-95630-1_14,Israel Edem AgbehadjiRichard C. MillhamBankole Osita AwuzieAlfred Beati Ngowi,2022,http://link.springer.com/chapter/10.1007/978-3-030-95630-1_14,Chapter
,,Ten Years of DataMod: The Synergy of Data-Driven and Model-Based Approaches,From Data to Models and Back,,,,10.1007/978-3-031-16011-0_2,Antonio Cerone,2022,http://link.springer.com/chapter/10.1007/978-3-031-16011-0_2,Chapter
,,Real-Time and Near-Real-Time Services in Distributed Environment for IoT – Edge – Cloud Computing Implementation in Agriculture and Well-Being,Computer Science and Education in Computer Science,,,,10.1007/978-3-031-17292-2_11,Rossitza GolevaRadosveta SokulluVassil KadrevAlexandar SavovSvetoslav MihaylovNuno Garcia,2022,http://link.springer.com/chapter/10.1007/978-3-031-17292-2_11,Chapter
,,A Methodology for Mapping Perceived Spatial Qualities,Enterprise Information Systems,,,,10.1007/978-3-031-08965-7_10,Moreno ColomboJhonny PincayOleg LavrovskyLaura IseliJoris van WezemaelEdy Portmann,2022,http://link.springer.com/chapter/10.1007/978-3-031-08965-7_10,Chapter
,,Use of Digital Twins and Digital Threads for Subway Infrastructure Monitoring,Computational Science and Its Applications – ICCSA 2022 Workshops,,,,10.1007/978-3-031-10542-5_48,Alexander VodyahoElena StankovaNataly ZhukovaAlexey SubbotinMichael Chervontsev,2022,http://link.springer.com/chapter/10.1007/978-3-031-10542-5_48,Chapter
,,IRIS Advanced Threat Intelligence Orchestrator- A Way to Manage Cybersecurity Challenges of IoT Ecosystems in Smart Cities,Internet of Things,,,,10.1007/978-3-031-20936-9_25,Vasiliki-Georgia BilaliDimitrios KosyvasThodoris TheodoropoulosEleftherios OuzounoglouLazaros KaragiannidisAngelos Amditis,2022,http://link.springer.com/chapter/10.1007/978-3-031-20936-9_25,Chapter
,,Intelligent Smart Waste Management Using Regression Analysis: An Empirical Study,Emerging Technologies in Computer Engineering: Cognitive Computing and Intelligent IoT,,,,10.1007/978-3-031-07012-9_12,Abinash RathAyan Das GuptaVinita RohillaArchana BalyanSuman Mann,2022,http://link.springer.com/chapter/10.1007/978-3-031-07012-9_12,Chapter
,,Smart Technologies for Monitoring Older Adults with Dementia,Smart Cities,,,,10.1007/978-3-030-96753-6_9,Jessica BeltránOmar A. Montoya-ValdiviaRicardo Bañuelos-De La TorreLeonardo Melendez-LinerosGabriel Parada-PicosCynthia B. PérezCiro Martínez-García-Moreno,2022,http://link.springer.com/chapter/10.1007/978-3-030-96753-6_9,Chapter
,,Smart Life: Review of the Contemporary Smart Applications,Research Challenges in Information Science,,,,10.1007/978-3-031-05760-1_18,Elena KornyshovaRebecca DeneckèreKaoutar SadoukiEric Gressier-SoudanSjaak Brinkkemper,2022,http://link.springer.com/chapter/10.1007/978-3-031-05760-1_18,Chapter
,,Tourism and Internet of Things: A Bibliometric Analysis of Scientific Production from the Scopus Database,"Advanced Research in Technologies, Information, Innovation and Sustainability",,,,10.1007/978-3-031-20316-9_19,Elisabete Paulo MoraisCarlos R. CunhaVítor Mendonça,2022,http://link.springer.com/chapter/10.1007/978-3-031-20316-9_19,Chapter
,,Future Lies with Edge Computing,Edge Computing – EDGE 2022,,,,10.1007/978-3-031-23470-5_7,Min Luo,2022,http://link.springer.com/chapter/10.1007/978-3-031-23470-5_7,Chapter
,,On Smart Mobility and Data Stream Mining,Computer Aided Systems Theory – EUROCAST 2022,,,,10.1007/978-3-031-25312-6_44,Javier J. Sanchez-MedinaJuan Antonio Guerra-MontenegroAgustin J. Sanchez-MedinaItzíar G. Alonso-GonzálezDavid Sánchez-Rodríguez,2022,http://link.springer.com/chapter/10.1007/978-3-031-25312-6_44,Chapter
,,Internet of Things (IoT) for Secure and Sustainable Healthcare Intelligence: Analysis and Challenges,Applied Informatics,,,,10.1007/978-3-031-19647-8_4,Sunday Adeola AjagbeSanjay MisraOluwaseyi F. AfeKikelomo I. Okesola,2022,http://link.springer.com/chapter/10.1007/978-3-031-19647-8_4,Chapter
,,Smart Systems for Monitoring Buildings - An IoT Application,"Optimization, Learning Algorithms and Applications",,,,10.1007/978-3-031-23236-7_40,Rebeca B. KalbermatterThadeu BritoJoão BraunAna I. PereiraÂngela P. FerreiraAntónio ValenteJosé Lima,2022,http://link.springer.com/chapter/10.1007/978-3-031-23236-7_40,Chapter
,,Quality of Service Support Through a Self-adaptive System in Edge Computing Environments,Cloud Computing and Services Science,,,,10.1007/978-3-031-21637-4_5,Abdullah Fawaz AljulayfiKarim Djemame,2022,http://link.springer.com/chapter/10.1007/978-3-031-21637-4_5,Chapter
,,Digital Twin Ecosystems: Potential Stakeholders and Their Requirements,Software Business,,,,10.1007/978-3-031-20706-8_2,Reshani LiyanageNirnaya TripathiTero PäivärintaYueqiang Xu,2022,http://link.springer.com/chapter/10.1007/978-3-031-20706-8_2,Chapter
,,Towards Scalable Blockchains Using Service-Oriented Architectures,Service-Oriented Computing – ICSOC 2021 Workshops,,,,10.1007/978-3-031-14135-5_31,Ali DorriRaja JurdakAmin BeheshtiAlistair Barros,2022,http://link.springer.com/chapter/10.1007/978-3-031-14135-5_31,Chapter
,,Customer-Centric Service Design: Featuring Service Use in Life Practices,Collaborative Networks in Digitalization and Society 5.0,,,,10.1007/978-3-031-14844-6_15,Garyfallos FragidisDimitri Konstantas,2022,http://link.springer.com/chapter/10.1007/978-3-031-14844-6_15,Chapter
,,Vehicle as Fog Server in Intelligent Transportation System,Advancements in Interdisciplinary Research,,,,10.1007/978-3-031-23724-9_9,Deep Chandra BinwalRajeev TiwariMonit Kapoor,2022,http://link.springer.com/chapter/10.1007/978-3-031-23724-9_9,Chapter
,,How to Solve a Classification Problem Using a Cooperative Tiling Multi-agent System?,"Advances in Practical Applications of Agents, Multi-Agent Systems, and Complex Systems Simulation. The PAAMS Collection",,,,10.1007/978-3-031-18192-4_14,Thibault FourezNicolas VerstaevelFrédéric MigeonFrédéric SchettiniFrédéric Amblard,2022,http://link.springer.com/chapter/10.1007/978-3-031-18192-4_14,Chapter
,,On-Edge Aggregation Strategies over Industrial Data Produced by Autonomous Guided Vehicles,Computational Science – ICCS 2022,,,,10.1007/978-3-031-08760-8_39,Piotr GrzesikPaweł BeneckiDaniel KostrzewaBohdan ShubynDariusz Mrozek,2022,http://link.springer.com/chapter/10.1007/978-3-031-08760-8_39,Chapter
,,Railway Digital Twins and Artificial Intelligence: Challenges and Design Guidelines,Dependable Computing – EDCC 2022 Workshops,,,,10.1007/978-3-031-16245-9_8,Ruth DirnfeldLorenzo De DonatoFrancesco FlamminiMehdi Saman AzariValeria Vittorini,2022,http://link.springer.com/chapter/10.1007/978-3-031-16245-9_8,Chapter
,,SWIoTA: Anomaly Detection for Distributed Ledger Technology-Based Internet of Things (IOTA) Using Sliding Window (SW) Technique,Internet of Things. IoT through a Multi-disciplinary Perspective,,,,10.1007/978-3-031-18872-5_11,Sathish A. P. KumarNorman AhmedAnastasios Bikos,2022,http://link.springer.com/chapter/10.1007/978-3-031-18872-5_11,Chapter
,,Urban Heat Island Detection Utilizing Citizen Science,Advances in Service-Oriented and Cloud Computing,,,,10.1007/978-3-031-23298-5_9,Philipp KistersVinh NguJanick Edinger,2022,http://link.springer.com/chapter/10.1007/978-3-031-23298-5_9,Chapter
,,Towards Reinforcement Learning-based Aggregate Computing,Coordination Models and Languages,,,,10.1007/978-3-031-08143-9_5,Gianluca AguzziRoberto CasadeiMirko Viroli,2022,http://link.springer.com/chapter/10.1007/978-3-031-08143-9_5,Chapter
,,A Look into the Vulnerability of Voice Assisted IoT,Computer  Information Systems and  Industrial Management,,,,10.1007/978-3-031-10539-5_4,Raghunath MajiAtreyee BiswasRituparna Chaki,2022,http://link.springer.com/chapter/10.1007/978-3-031-10539-5_4,Chapter
,,Fair Food Delivery Trading System Based on Edge Computing and Stackelberg Game,Edge Computing – EDGE 2022,,,,10.1007/978-3-031-23470-5_2,Tao WuXuefeng ZanLei XuYuang ChenKai Liu,2022,http://link.springer.com/chapter/10.1007/978-3-031-23470-5_2,Chapter
,,Detection of Motorcyclists Without a Safety Helmet Through YOLO: Support for Road Safety,Technologies and Innovation,,,,10.1007/978-3-031-19961-5_8,Oscar J. M. Peña CáceresManuel A. More-MoreJorge F. Yáñez-PalaciosTeresa Samaniego-CoboJimmy Vargas-Vargas,2022,http://link.springer.com/chapter/10.1007/978-3-031-19961-5_8,Chapter
,,Traffic Flow Prediction Using Deep Learning Techniques,"Computing Science, Communication and Security",,,,10.1007/978-3-031-10551-7_15,Shubhashish GoswamiAbhimanyu Kumar,2022,http://link.springer.com/chapter/10.1007/978-3-031-10551-7_15,Chapter
,,Cyberbullying Through the Lens of Data Science,Information and Communication Technologies,,,,10.1007/978-3-031-18272-3_16,Alexandra BermeoMaría-Inés Acosta-UrigüenMarcos OrellanaSebastián I. Valdivieso Albán,2022,http://link.springer.com/chapter/10.1007/978-3-031-18272-3_16,Chapter
,,LSTM Acceleration with FPGA and GPU Devices for Edge Computing Applications in B5G MEC,"Embedded Computer Systems: Architectures, Modeling, and Simulation",,,,10.1007/978-3-031-15074-6_26,Dimitrios DanopoulosIoannis StamouliasGeorge LentarisDimosthenis MasourosIoannis KanaropoulosAndreas Kosmas KakolyrisDimitrios Soudris,2022,http://link.springer.com/chapter/10.1007/978-3-031-15074-6_26,Chapter
,,An Experimental Analysis of Function Performance with Resource Allocation on Serverless Platform,Cloud Computing – CLOUD 2021,,,,10.1007/978-3-030-96326-2_2,Yonghe ZhangKejiang YeCheng-Zhong Xu,2022,http://link.springer.com/chapter/10.1007/978-3-030-96326-2_2,Chapter
,,Neural Predictive Monitoring for Collective Adaptive Systems,"Leveraging Applications of Formal Methods, Verification and Validation. Adaptation and Learning",,,,10.1007/978-3-031-19759-8_3,Francesca CairoliNicola PaolettiLuca Bortolussi,2022,http://link.springer.com/chapter/10.1007/978-3-031-19759-8_3,Chapter
,,Development of Smart Sensor for IoT Based Environmental Data Analysis Through Edge Computing,"Computing Science, Communication and Security",,,,10.1007/978-3-031-10551-7_1,Abhijit Chatterjee,2022,http://link.springer.com/chapter/10.1007/978-3-031-10551-7_1,Chapter
,,An IoT Authentication Framework for Urban Infrastructure Security Using Blockchain and Deep Learning,Engineering Applications of Neural Networks,,,,10.1007/978-3-031-08223-8_24,Anastasios Panagiotis PsathasLazaros IliadisAntonios PapaleonidasDimitris Bountas,2022,http://link.springer.com/chapter/10.1007/978-3-031-08223-8_24,Chapter
,,The Use of Deep Learning in the Classification of Buildings at the Post-revolutionary City of Athens,Trandisciplinary Multispectral Modelling and Cooperation for the Preservation of Cultural Heritage,,,,10.1007/978-3-031-20253-7_10,Ioannis KosmopoulosKonstantina SiountriChristos-Nikolaos Anagnostopoulos,2022,http://link.springer.com/chapter/10.1007/978-3-031-20253-7_10,Chapter
,,The Dialectic Interrelation Between Digital Organization Architecture Elements,Information Systems and Design,,,,10.1007/978-3-030-95494-9_15,Vladimir V. GodinAnna E. Terekhova,2022,http://link.springer.com/chapter/10.1007/978-3-030-95494-9_15,Chapter
,,A Feature and Classifier Study for Appliance Event Classification,Sustainable Energy for Smart Cities,,,,10.1007/978-3-030-97027-7_7,Benjamin VölkerPhilipp M. SchollBernd Becker,2022,http://link.springer.com/chapter/10.1007/978-3-030-97027-7_7,Chapter
,,Towards Model Checking Video Streams Using VoxLogicA on GPUs,From Data to Models and Back,,,,10.1007/978-3-031-16011-0_6,Laura BussiVincenzo CianciaFabio GadducciDiego LatellaMieke Massink,2022,http://link.springer.com/chapter/10.1007/978-3-031-16011-0_6,Chapter
,,Alignment Techniques in Domain-Specific Models,Technologies and Innovation,,,,10.1007/978-3-031-19961-5_4,Paola Grijalva-ArriagaGalo Cornejo-GómezRaquel Gómez-ChablaLeandro AntonelliPablo Thomas,2022,http://link.springer.com/chapter/10.1007/978-3-031-19961-5_4,Chapter
,,Semantic Inferences Towards Smart IoT-Based Systems Actuation Conflicts Management,Internet of Things. IoT through a Multi-disciplinary Perspective,,,,10.1007/978-3-031-18872-5_15,Gérald RocherJean-Yves TigliStéphane Lavirotte,2022,http://link.springer.com/chapter/10.1007/978-3-031-18872-5_15,Chapter
,,"Front-End Framework to Improve HCI, Evaluated Using an Eye-Tracking","Advanced Research in Technologies, Information, Innovation and Sustainability",,,,10.1007/978-3-031-20319-0_19,Bryan Marcillo-DelgadoGema Giler-VelásquezMónica Vaca-CardenasLeticia Vaca-Cardenas,2022,http://link.springer.com/chapter/10.1007/978-3-031-20319-0_19,Chapter
,,Understanding Social Feedback in Biological Collectives with Smoothed Model Checking,"Leveraging Applications of Formal Methods, Verification and Validation. Adaptation and Learning",,,,10.1007/978-3-031-19759-8_12,Julia KleinTatjana Petrov,2022,http://link.springer.com/chapter/10.1007/978-3-031-19759-8_12,Chapter
,,Architectural Decisions in AI-Based Systems: An Ontological View,Quality of Information and Communications Technology,,,,10.1007/978-3-031-14179-9_2,Xavier FranchSilverio Martínez-FernándezClaudia P. AyalaCristina Gómez,2022,http://link.springer.com/chapter/10.1007/978-3-031-14179-9_2,Chapter
,,Data Collection and Processing Method in the Networks of Industrial IOT,Future Access Enablers for Ubiquitous and Intelligent Infrastructures,,,,10.1007/978-3-031-15101-9_11,Larysa GlobaVasyl KurdechaDemyd PopenkoMaksym BezvuhliakYevgeniy Porolo,2022,http://link.springer.com/chapter/10.1007/978-3-031-15101-9_11,Chapter
,,Automated License Plate Detection and Recognition Using Deep Learning,Advancements in Interdisciplinary Research,,,,10.1007/978-3-031-23724-9_39,Simar VigArchita AroraGreeshma Arya,2022,http://link.springer.com/chapter/10.1007/978-3-031-23724-9_39,Chapter
,,Comparative Analysis of Environmental Internet of Things (IoT) and Its Techniques to Improve Profit Margin in a Small Business,Emerging Technologies in Computer Engineering: Cognitive Computing and Intelligent IoT,,,,10.1007/978-3-031-07012-9_14,Khongdet PhasinamMohammed UsmanSumona BhattacharyaThanwamas KassanukKorakod Tongkachok,2022,http://link.springer.com/chapter/10.1007/978-3-031-07012-9_14,Chapter
,,Agri-Aid: An Automated and Continuous Farmer Health Monitoring System Using IoMT,Internet of Things. IoT through a Multi-disciplinary Perspective,,,,10.1007/978-3-031-18872-5_4,Laavanya Rachakonda,2022,http://link.springer.com/chapter/10.1007/978-3-031-18872-5_4,Chapter
,,EcoLight: Eco-friendly Traffic Signal Control Driven by Urban Noise Prediction,Database and Expert Systems Applications,,,,10.1007/978-3-031-12423-5_16,Chahinez OunoughiGhofrane TouibiSadok Ben Yahia,2022,http://link.springer.com/chapter/10.1007/978-3-031-12423-5_16,Chapter
,,Augmented Virtual Reality in Data Visualization,"Advanced Research in Technologies, Information, Innovation and Sustainability",,,,10.1007/978-3-031-20319-0_22,Pedro AlvesFilipe Portela,2022,http://link.springer.com/chapter/10.1007/978-3-031-20319-0_22,Chapter
,,A Privacy-Preserving Federated Learning with Mutual Verification on Vector Spaces,Security and Privacy in Social Networks and Big Data,,,,10.1007/978-981-19-7242-3_14,Mingwu ZhangChenmei CuiGang ShenYudi Zhang,2022,http://link.springer.com/chapter/10.1007/978-981-19-7242-3_14,Chapter
,,A Deep Learning Approach for Automatic Counting of Bales and Product Boxes in Industrial Production Lines,Computational Science and Its Applications – ICCSA 2022,,,,10.1007/978-3-031-10522-7_42,Rafael J. XavierCharles F. O. ViegasBruno C. CostaRenato P. Ishii,2022,http://link.springer.com/chapter/10.1007/978-3-031-10522-7_42,Chapter
,,Long-Term Person Reidentification: Challenges and Outlook,"Optimization, Learning Algorithms and Applications",,,,10.1007/978-3-031-23236-7_25,Anderson ManhãesGabriel MatosDouglas O. CardosoMilena F. PintoJeferson ColaresPaulo LeitãoDiego BrandãoDiego Haddad,2022,http://link.springer.com/chapter/10.1007/978-3-031-23236-7_25,Chapter
,,Streaming Detection of Significant Delay Changes in Public Transport Systems,Computational Science – ICCS 2022,,,,10.1007/978-3-031-08760-8_41,Przemysław WronaMaciej GrzendaMarcin Luckner,2022,http://link.springer.com/chapter/10.1007/978-3-031-08760-8_41,Chapter
,,Towards a Comprehensive BPMN Extension for Modeling IoT-Aware Processes in Business Process Models,Research Challenges in Information Science,,,,10.1007/978-3-031-05760-1_47,Yusuf KirikkayisFlorian GallikManfred Reichert,2022,http://link.springer.com/chapter/10.1007/978-3-031-05760-1_47,Chapter
,,Lexical Analysis Using Regular Expressions for Information Retrieval from a Legal Corpus,Computer Science – CACIC 2021,,,,10.1007/978-3-031-05903-2_21,Osvaldo Mario SposittoJulio César BosseroEdgardo Javier MorenoViviana Alejandra LedesmaLorena Romina Matteo,2022,http://link.springer.com/chapter/10.1007/978-3-031-05903-2_21,Chapter
,,Sentiment Analysis Applied to IBOVESPA Prediction,"Optimization, Learning Algorithms and Applications",,,,10.1007/978-3-031-23236-7_26,Yngwi Guimarães Vieira SouzaLuís TarratacaDouglas O. CardosoLaura Silva de Assis,2022,http://link.springer.com/chapter/10.1007/978-3-031-23236-7_26,Chapter
,,Integrated Approach to Assessing the Progress of Digital Transformation by Using Multiple Objective and Subjective Indicators,Research Challenges in Information Science,,,,10.1007/978-3-031-05760-1_37,Daniela BorissovaZornitsa DimitrovaNaiden NaidenovRadoslav Yoshinov,2022,http://link.springer.com/chapter/10.1007/978-3-031-05760-1_37,Chapter
,,A Systematic Literature Review on Numerical Weather Prediction Models and Provenance Data,Computational Science and Its Applications – ICCSA 2022 Workshops,,,,10.1007/978-3-031-10542-5_42,Alper TufekMehmet S. Aktas,2022,http://link.springer.com/chapter/10.1007/978-3-031-10542-5_42,Chapter
,,Development of a Cross-Platform Architecture for the Analysis of Vehicular Traffic in a Smart City with Machine Learning Tools,Applied Technologies,,,,10.1007/978-3-030-71503-8_48,Evelyn LomasPriscila CevallosDarwin AlulemaVerónica AlulemaMayerly Saenz,2021,http://link.springer.com/chapter/10.1007/978-3-030-71503-8_48,Chapter
,,Integrating the Meteorological Data into a Smart City Service Using Cloud of Things (CoT),Emerging Technologies in Computing,,,,10.1007/978-3-030-90016-8_7,R. SurendranT. TamilvizhiS. Lakshmi,2021,http://link.springer.com/chapter/10.1007/978-3-030-90016-8_7,Chapter
,,Smart City Tools to Evaluate Age-Healthy Environments,Smart Cities,,,,10.1007/978-3-030-69136-3_20,Irene LebrusánJamal Toutouh,2021,http://link.springer.com/chapter/10.1007/978-3-030-69136-3_20,Chapter
,,Traffic Flow Prediction Using Long-Short Term Memory Technique for Connected Vehicles in Smart Cities,Advances in Visual Informatics,,,,10.1007/978-3-030-90235-3_36,Nuraini ShamsaimonNoor Afiza Mat RazaliKhairani Abd MajidSuzaimah RamliMohd Fahmi Mohamad AmranKhairul Khalil IshakRaslan Ahmad,2021,http://link.springer.com/chapter/10.1007/978-3-030-90235-3_36,Chapter
,,A Review on Cybersecurity of Internet of Things,"Microelectronic Devices, Circuits and Systems",,,,10.1007/978-981-16-5048-2_14,S. BalajiAbhinav JaishankerSarthak GokhaleSakshi SinhalM. Rajeshkumar,2021,http://link.springer.com/chapter/10.1007/978-981-16-5048-2_14,Chapter
,,Crowdsourcing and IoT Towards More Resilient Flooding Prone Cities,Smart Cities,,,,10.1007/978-3-030-69136-3_10,Ponciano J. Escamilla-AmbrosioMaria G. Pulido-NavarroIsabel V. Hernández-GutiérrezAbraham Rodríguez-MotaMarco A. Moreno-Ibarra,2021,http://link.springer.com/chapter/10.1007/978-3-030-69136-3_10,Chapter
,,Energy Efficient Aspects of Federated Learning – Mechanisms and Opportunities,Soft Computing and its Engineering Applications,,,,10.1007/978-981-16-0708-0_4,Shajulin Benedict,2021,http://link.springer.com/chapter/10.1007/978-981-16-0708-0_4,Chapter
,,Towards Agent-Based Traffic Simulation Using Live Data from Sensors for Smart Cities,Multi-Agent-Based Simulation XXI,,,,10.1007/978-3-030-66888-4_3,Yan QianJohan BarthelemyPascal Perez,2021,http://link.springer.com/chapter/10.1007/978-3-030-66888-4_3,Chapter
,,Software Architectures for Edge Analytics: A Survey,Software Architecture,,,,10.1007/978-3-030-86044-8_20,Marie Platenius-MohrHadil AbukwaikJan SchlakeMichael Vach,2021,http://link.springer.com/chapter/10.1007/978-3-030-86044-8_20,Chapter
,,DECS: Collaborative Edge-Edge Data Storage Service for Edge Computing,"Collaborative Computing: Networking, Applications and Worksharing",,,,10.1007/978-3-030-67537-0_23,Fuxiao ZhouHaopeng Chen,2021,http://link.springer.com/chapter/10.1007/978-3-030-67537-0_23,Chapter
,,Smart Distributed DataSets for Stream Processing,Euro-Par 2021: Parallel Processing,,,,10.1007/978-3-030-85665-6_16,Tiago LopesMiguel CoimbraLuís Veiga,2021,http://link.springer.com/chapter/10.1007/978-3-030-85665-6_16,Chapter
,,Big Data Quality Models: A Systematic Mapping Study,Quality of Information and Communications Technology,,,,10.1007/978-3-030-85347-1_30,Osbel MonteroYania CrespoMario Piatini,2021,http://link.springer.com/chapter/10.1007/978-3-030-85347-1_30,Chapter
,,Prototype Framework for the Implementation of Telemedicine Platforms,Knowledge Management in Organizations,,,,10.1007/978-3-030-81635-3_22,Olguer MoralesGiovanny Tarazona,2021,http://link.springer.com/chapter/10.1007/978-3-030-81635-3_22,Chapter
,,System for Monitoring and Control of Vehicle’s Carbon Emissions Using Embedded Hardwares and Cloud Applications,Service-Oriented Computing  – ICSOC 2020 Workshops,,,,10.1007/978-3-030-76352-7_50,Tsvetan TsokovHristo Kostadinov,2021,http://link.springer.com/chapter/10.1007/978-3-030-76352-7_50,Chapter
,,Software Frameworks that Improve HCI Focused on Cognitive Cities. A Systematic Literature Review,"Advanced Research in Technologies, Information, Innovation and Sustainability",,,,10.1007/978-3-030-90241-4_12,Gema Giler-VelásquezBryan Marcillo-DelgadoMónica Vaca-CardenasLeticia Vaca-Cardenas,2021,http://link.springer.com/chapter/10.1007/978-3-030-90241-4_12,Chapter
,,An OWASP Top Ten Driven Survey on Web Application Protection Methods,Risks and Security of Internet and Systems,,,,10.1007/978-3-030-68887-5_14,Ouissem Ben FredjOmar CheikhrouhouMoez KrichenHabib HamamAbdelouahid Derhab,2021,http://link.springer.com/chapter/10.1007/978-3-030-68887-5_14,Chapter
,,A New Vision on Smart and Resilient Urban Mobility in the Aftermath of the Pandemic: Key Factors on European Transport Policies,Computational Science and Its Applications – ICCSA 2021,,,,10.1007/978-3-030-87016-4_43,Tiziana CampisiChiara GarauMatteo IgnaccoloMauro ConiAntonino CanaleGiuseppe InturriVincenza Torrisi,2021,http://link.springer.com/chapter/10.1007/978-3-030-87016-4_43,Chapter
,,The Interoperability Challenge: Building a Model-Driven Digital Thread Platform for CPS,"Leveraging Applications of Formal Methods, Verification and Validation",,,,10.1007/978-3-030-89159-6_25,Tiziana MargariaHafiz Ahmad Awais ChaudharyIvan GuevaraStephen RyanAlexander Schieweck,2021,http://link.springer.com/chapter/10.1007/978-3-030-89159-6_25,Chapter
,,BiDaML in Practice: Collaborative Modeling of Big Data Analytics Application Requirements,Evaluation of Novel Approaches to Software Engineering,,,,10.1007/978-3-030-70006-5_5,Hourieh KhalajzadehAndrew J. SimmonsTarun VermaMohamed AbdelrazekJohn GrundyJohn HoskingQiang HePrasanna RatnakanthanAdil ZiaMeng Law,2021,http://link.springer.com/chapter/10.1007/978-3-030-70006-5_5,Chapter
,,"Ronda: Real-Time Data Provision, Processing and Publication for Open Data",Electronic Government,,,,10.1007/978-3-030-84789-0_12,Fabian KirsteinDario BacherVincent BohlenSonja Schimmler,2021,http://link.springer.com/chapter/10.1007/978-3-030-84789-0_12,Chapter
,,Security and Scalability in Private Permissionless Blockchain: Problems and Solutions Leading to Creating Consent-as-a-Service (CaaS) Deployment,Advances in Computational Collective Intelligence,,,,10.1007/978-3-030-88113-9_22,Hanna GrodzickaMichal KedzioraLech Madeyski,2021,http://link.springer.com/chapter/10.1007/978-3-030-88113-9_22,Chapter
,,A Deep Learning Solution for Integrated Traffic Control Through Automatic License Plate Recognition,Computational Science and Its Applications – ICCSA 2021,,,,10.1007/978-3-030-86970-0_16,Riccardo BaliaSilvio BarraSalvatore CartaGianni FenuAlessandro Sebastian PoddaNicola Sansoni,2021,http://link.springer.com/chapter/10.1007/978-3-030-86970-0_16,Chapter
,,HumaniSE: Approaches to Achieve More Human-Centric Software Engineering,Evaluation of Novel Approaches to Software Engineering,,,,10.1007/978-3-030-70006-5_18,John GrundyHourieh KhalajzadehJennifer McIntoshTanjila KanijIngo Mueller,2021,http://link.springer.com/chapter/10.1007/978-3-030-70006-5_18,Chapter
,,A System for Traffic Events Detection Using Fuzzy C-Means,Knowledge Graphs and Semantic Web,,,,10.1007/978-3-030-91305-2_6,Hayder Endo PérezAmed Leiva MederosDaniel Galvez LioLuis Ernesto HurtadoDoymer García DuarteGhislain Auguste Atemezing,2021,http://link.springer.com/chapter/10.1007/978-3-030-91305-2_6,Chapter
,,Systematic Literature Review on Service Oriented Architecture Modeling,Computational Science and Its Applications – ICCSA 2021,,,,10.1007/978-3-030-86970-0_15,Khouloud ZaafouriMariam ChaabaneIsmael Bouassida Rodriguez,2021,http://link.springer.com/chapter/10.1007/978-3-030-86970-0_15,Chapter
,,Data-Driven Requirements Engineering: A Guided Tour,Evaluation of Novel Approaches to Software Engineering,,,,10.1007/978-3-030-70006-5_4,Xavier Franch,2021,http://link.springer.com/chapter/10.1007/978-3-030-70006-5_4,Chapter
,,Querying Medical Imaging Datasets Using Spatial Logics (Position Paper),Advances in Model and Data Engineering in the Digitalization Era,,,,10.1007/978-3-030-87657-9_22,Gina BelmonteGiovanna BrocciaLaura BussiVincenzo CianciaDiego LatellaMieke Massink,2021,http://link.springer.com/chapter/10.1007/978-3-030-87657-9_22,Chapter
,,A Conceptual Model: Securing Resources Through a Decentralized Access Control Using Blockchain Technology for Smart Farming,Advances in Visual Informatics,,,,10.1007/978-3-030-90235-3_35,Noor Afiza Mat RazaliNormaizeerah Mohd NoorNor Asiakin HasbullahLiew Ching ChenKhairul Khalil IshakNorlisa Francis Nordin,2021,http://link.springer.com/chapter/10.1007/978-3-030-90235-3_35,Chapter
,,Conditional Generative Adversarial Networks to Model Urban Outdoor Air Pollution,Smart Cities,,,,10.1007/978-3-030-69136-3_7,Jamal Toutouh,2021,http://link.springer.com/chapter/10.1007/978-3-030-69136-3_7,Chapter
,,A Revenue-Based Service Management Algorithm for Vehicular Cloud Computing,Distributed Computing and Internet Technology,,,,10.1007/978-3-030-65621-8_6,Sohan Kumar PandeSanjaya Kumar PandaSatyabrata Das,2021,http://link.springer.com/chapter/10.1007/978-3-030-65621-8_6,Chapter
,,Energy Efficiency Through a Wearable Device for the Elderly Based on the Integrated Smart Neighbourhood Framework of Malaysia 5.0 Model,Advances in Visual Informatics,,,,10.1007/978-3-030-90235-3_55,Halimah Badioze ZamanAzlina AhmadKien Sin Aw,2021,http://link.springer.com/chapter/10.1007/978-3-030-90235-3_55,Chapter
,,A Neural Network Approach to High Cost Patients Detection,Computational Science and Its Applications – ICCSA 2021,,,,10.1007/978-3-030-86970-0_37,Franklin Messias BarbosaRenato Porfirio Ishii,2021,http://link.springer.com/chapter/10.1007/978-3-030-86970-0_37,Chapter
,,Hyperparameter Analysis of Temporal Graph Convolutional Network Model Applied to Traffic Prediction,Simulation Tools and Techniques,,,,10.1007/978-3-030-72792-5_53,Jing HuangLei ChenYuan AnKailiang ZhangPing Cui,2021,http://link.springer.com/chapter/10.1007/978-3-030-72792-5_53,Chapter
,,Services Extraction for Integration in Software Projects via an Agent-Based Negotiation System,"Highlights in Practical Applications of Agents, Multi-Agent Systems, and Social Good. The PAAMS Collection",,,,10.1007/978-3-030-85710-3_20,David Berrocal-MacíasZakieh Alizadeh-SaniFrancisco Pinto-SantosAlfonso González-BrionesPablo ChamosoJuan M. Corchado,2021,http://link.springer.com/chapter/10.1007/978-3-030-85710-3_20,Chapter
,,FogProtect: Protecting Sensitive Data in the Computing Continuum,Advances in Service-Oriented and Cloud Computing,,,,10.1007/978-3-030-71906-7_17,Dhouha AyedEva JahoClemens LachnerZoltán Ádám MannRobert SeidlMike Surridge,2021,http://link.springer.com/chapter/10.1007/978-3-030-71906-7_17,Chapter
,,A Brief Systematic Review of the Latest Advances in IOT Platforms in Agriculture,Technologies and Innovation,,,,10.1007/978-3-030-88262-4_14,Elke YeroviCarlota Delgado-VeraWilson Molina-OleasLaura Ortega-Ponce,2021,http://link.springer.com/chapter/10.1007/978-3-030-88262-4_14,Chapter
,,Hybrid Context-Aware Method for Quality Assessment of Data Streams,Service-Oriented Computing  – ICSOC 2020 Workshops,,,,10.1007/978-3-030-76352-7_2,Mostafa Mirzaie,2021,http://link.springer.com/chapter/10.1007/978-3-030-76352-7_2,Chapter
,,Explaining Ridesharing: Selection of Explanations for Increasing User Satisfaction,Multi-Agent Systems,,,,10.1007/978-3-030-82254-5_6,David ZarNoam HazonAmos Azaria,2021,http://link.springer.com/chapter/10.1007/978-3-030-82254-5_6,Chapter
,,Transfer Learning for Arthropodous Identification and its Use in the Transmitted Disease Diagnostic,"Highlights in Practical Applications of Agents, Multi-Agent Systems, and Social Good. The PAAMS Collection",,,,10.1007/978-3-030-85710-3_21,David Garcia-RetuertaRoberto Casado-VaraSara Rodríguez,2021,http://link.springer.com/chapter/10.1007/978-3-030-85710-3_21,Chapter
,,A Cloud-Based Anomaly Detection for IoT Big Data,Cyber-Physical Security for Critical Infrastructures Protection,,,,10.1007/978-3-030-69781-5_7,Omri SoceanuAllon AdirEhud AharoniLev GreenbergHabtamu Abie,2021,http://link.springer.com/chapter/10.1007/978-3-030-69781-5_7,Chapter
,,Human Behavior-Oriented Architectural Design,Software Architecture,,,,10.1007/978-3-030-86044-8_9,Moamin B. AbughazalaMahyar T. MoghaddamHenry MucciniKarthik Vaidhyanathan,2021,http://link.springer.com/chapter/10.1007/978-3-030-86044-8_9,Chapter
,,Demand Response Control in Electric Water Heaters: Evaluation of Impact on Thermal Comfort,Smart Cities,,,,10.1007/978-3-030-69136-3_6,Rodrigo PorteiroJuan ChavatSergio NesmachnowLuis Hernández-Callejo,2021,http://link.springer.com/chapter/10.1007/978-3-030-69136-3_6,Chapter
,,Conceptual Modeling of Gender-Inclusive Requirements,Conceptual Modeling,,,,10.1007/978-3-030-89022-3_31,Inês NunesAna MoreiraJoão Araujo,2021,http://link.springer.com/chapter/10.1007/978-3-030-89022-3_31,Chapter
,,Infrared Thermography and Computational Intelligence in Analysis of Facial Video-Records,Advances in Computational Collective Intelligence,,,,10.1007/978-3-030-88113-9_51,Aleš ProcházkaHana CharvátováOldřich Vyšata,2021,http://link.springer.com/chapter/10.1007/978-3-030-88113-9_51,Chapter
,,XYZ Monitor: IoT Monitoring of Infrastructures Using Microservices,Service-Oriented Computing  – ICSOC 2020 Workshops,,,,10.1007/978-3-030-76352-7_43,Marc VilaMaria-Ribera SanchoErnest Teniente,2021,http://link.springer.com/chapter/10.1007/978-3-030-76352-7_43,Chapter
,,The Streaming Approach to Training Restricted Boltzmann Machines,Artificial Intelligence and Soft Computing,,,,10.1007/978-3-030-87986-0_27,Piotr DudaLeszek RutkowskiPiotr WoldanPatryk Najgebauer,2021,http://link.springer.com/chapter/10.1007/978-3-030-87986-0_27,Chapter
,,Bibliometric Analysis on the Safety of Autonomous Vehicles with Artificial Intelligence,"HCI International 2021 - Late Breaking Papers: HCI Applications in Health, Transport, and Industry",,,,10.1007/978-3-030-90966-6_20,Hak Jun KimVincent G. Duffy,2021,http://link.springer.com/chapter/10.1007/978-3-030-90966-6_20,Chapter
,,Portable Intermediate Representation for Efficient Big Data Analytics,Distributed Applications and Interoperable Systems,,,,10.1007/978-3-030-78198-9_5,Giannis TzourosMichail TsenosVana Kalogeraki,2021,http://link.springer.com/chapter/10.1007/978-3-030-78198-9_5,Chapter
,,A Low-Cost Authentication Protocol Using Arbiter-PUF,Model and Data Engineering,,,,10.1007/978-3-030-78428-7_9,Fahem ZerroukiSamir OuchaniHafida Bouarfa,2021,http://link.springer.com/chapter/10.1007/978-3-030-78428-7_9,Chapter
,,Towards Positive Artificial Intelligence,AIxIA 2020 – Advances in Artificial Intelligence,,,,10.1007/978-3-030-77091-4_22,Flavio S. Correa da Silva,2021,http://link.springer.com/chapter/10.1007/978-3-030-77091-4_22,Chapter
